"34 bp sequence ","Indel freqeuncy"
TTGCTTTAAAACTCGCAAGGCTTTCTGCTTGACC,73.77567141
CAGATTTAAAGACTTTCTGCTGTATTTGAGATGC,68.35016835
GTAGTTTAAAGCCTTTTTTATTGTATCTTGTTGC,-5.948063775
CCCTTTTAAATTCTGTGCAGACCATAGTGCTGCT,73.78640172
TTACTTTAACACTCTCAGTTGGCCCATATTCACA,43.07334109
CAACTTTAACATCGTTCACTGTGAAGAGCCGGTC,15.12345679
GCGCTTTAACCAGGCCAACACCATCCTCAAGTCC,91.95441989
CTTCTTTAACCAGGTATTCCTTTCCACCATGAGT,56.84008645
TCTATTTAACTGCCTAGTCGAACTCAATATCTCC,100
TGCCTTTAACTTGCTCATTTTTAGCTAGAGCCCT,8.943890301
GTTCTTTAAGCCCCTGCATGTATCTCCCTTCTAC,35.34444386
GTAATTTAAGGATATTCGGGAATCCATGCTTGAC,57.52508361
TGTCTTTAAGGGCCTGGTCTCTTCTGTATGCAAT,62.49278976
AGATTTTAAGTCAGTTATCCTCAAACAGTTTGTA,37.65432099
ACATTTTAATCCCATTTTCTTCTACTTCCATCTT,30.36385681
CAGATTTAATCCTATTTTGTCCAGTTTTTCTCTT,14.17525773
AAATTTTAATCTCCGTGCAATATCCAGTGAGCTC,100
ACAGTTTAATGATCACCTTATGCCACTAATAAGG,87.27272727
TTCCTTTAATGCGCTGGGATCCTTCTTTTCTTTC,67.8216345
TGAGTTTAATTACTCTGGAGATCTTCTTGCAACA,81.73561484
CACATTTAATTCTTCCTTTTTCATGTGCTCTCCA,-0.040682551
GGCATTTAATTTGGTTGGAGCACAACAAGGCTTT,77.90150578
TGTCTTTACAAAGGTAGTATTACTGGTGCTCCAA,0
CCGATTTACAACTTCCATTGAATGTAAAGACATG,95.44609665
AGGCTTTACAAGAATTACCTATTGTTTGCTTCTT,21.16432521
ATTCTTTACACTCATAGGGTCTGGCCCCTGTGTG,38.43942419
CTCTTTTACAGGTAATGGTTCTTCTGTATCCTTA,80.70301291
TTTATTTACATCAAGTGGTCTTAGTTCCCATGAC,60.38251366
AAGTTTTACATCTCAAGACTTTCACGGGGATGTG,65.10558818
GACTTTTACATCTCTTGTTTGCTTTATATTCAGA,39.28094402
ACCTTTTACATGTGGTTTATTTTCCTCTGTGATG,6.918059567
TGCCTTTACATTCTCTTCACGCTCTTTAAATCTG,60.64579851
TCCATTTACCAGTCTTCCCTGGCAAGATTCTTCT,93.03135889
GGGCTTTACCATCTTTGTGGCTGTGCTTGCCAGG,41.53997057
TACTTTTACCATGATGTTTCACTGTTCTGTTGCA,85.63488913
CTCATTTACCCAGCGCCCGTCCTGGAACACGAAC,92.32876712
GGGCTTTACCCAGCTGTCTTCTGCCTGCAGTGCC,80.56996755
CAGTTTTACCCGAAATACGTGGAACTCATCAACC,89.77657414
CAGATTTACCCTGTGGATCTGTCACTCGGGAAGT,34.53947368
CCGCTTTACCGCCTCACCACCCAAGCCCCAGGAT,78.28207166
CATCTTTACCGTGCAGCTGGATGACTACCTGAAC,72.5591716
GAGCTTTACCTACTGGGTGCGATCTATGCTTTCC,68.08440539
CAGTTTTACCTGGAGGAGGTGATGCCCCAAGCTG,51.72948658
GAACTTTACCTTTTGACCAGTTGGTCCAGAGGGC,0
AAGATTTACGCCATGCACTGGGCCACTGATTCTA,96.72619048
GCACTTTACGCGCGAAGAAGTTGCCGGATGGTTG,50.81447491
CAACTTTACGGACAGACTCTTGTTGCCAGTCAAA,76.37630662
CTCATTTACGGAGCATGCGTGGTCTTCACCCTTG,48.36724285
AGCTTTTACGTCTGAATGCCCGCGATCTTCCGGG,31.92307692
AGGCTTTACTAGCTATCTTTTGGCTTCTACTGAG,17.47892598
CAACTTTACTCCTGCTCCCCTGAAAAACCTACGG,51.40186916
GCTGTTTACTCTGGAAATCTCTCATCTCCCATGG,56.45561356
TCAGTTTACTCTTTCTGATGTTGTCCTGCCGGCC,27.79843811
ATGGTTTACTGCGCGTCCGAATGGTCAACCTTCA,73.26332198
TTGATTTACTGCTTTGAGGTTTCCCAACAGCTCT,62.24709112
CTCATTTACTGGGCATCTACCCGGGAATCCGGGG,69.15342153
GTGGTTTACTGTGTGAGGTTAGCCAAGGCCCTTG,17.79360427
GATATTTACTTCCATCAGGACTTTCCTTCGTTGA,56.32787542
TTGGTTTACTTGCTCCGTACGCAATCAGCAAGCA,100
GCCATTTACTTTATTGCCACTCCTCACGATGGCC,6.391124794
GTCTTTTACTTTGGCAATGGCTGGATTCCTACCC,32.8513609
ATTTTTTACTTTTAAAAAGTACTGCCTCATAGCA,68.83251722
ACTGTTTACTTTTGCTTTTTTCGGACTTGTGTCA,0
CTTCTTTAGAACGACAAACTCATTCTCTGCTGTG,99.1902834
GATATTTAGAATGCTGTTTTCTCTCCTCTTGGTT,76.49402356
TGTATTTAGAATTGTAGTGAACAATGTGAATCTG,97.96238245
CAAATTTAGACATCCTCTTCTGCACATACAGAAA,100
CATCTTTAGACTTAAGGCTTTTGCCACAGGCTCC,38.90909091
TAAGTTTAGAGATGTCATTTTATTCCCAGTGACC,6.454388985
CCTGTTTAGAGGATTCAGCTTTGTGGCCTCAAGC,97.3619186
CGTATTTAGCACGCTGCCCTTTGCCTACTGCAAC,67.49369218
TGACTTTAGCAGCCCTATCTTTGGGCCTTTGGTG,19.86475507
CCTCTTTAGCAGCTCCATGGGCACCGTGTATGCC,66.79559015
TTCTTTTAGCATGCCGAATTCGCTATGAACGGGA,86.45320197
CACCTTTAGCCCTGCCACCCTCACTGTCCATCTG,79.75761488
CAGCTTTAGCCGCTGCAGCTGCTCCTCGTGGTCT,74.67105263
TTCCTTTAGCGACCTTCGTATTGCCTTCATTTTC,-0.473933649
GCTCTTTAGCTACTCCTTTTCCTACAAGCATCTC,50.3626943
TACATTTAGCTGCCCTAAATGCTCACTCTGACTG,91.88799952
TTCTTTTAGCTTCTTGGCTGCCTGTGTTGATAAC,63.34761594
CACCTTTAGCTTGGGCAGGCCGCCGCGGATGGCA,-0.284900285
TCTCTTTAGGACATTCCAGTCTTCCTGTTACAGA,65.33498491
AGCCTTTAGGCTGCTGATCTGCAGGTATGCTGTG,56.48021828
CTTCTTTAGGGACTCCTGCTCTCGGCGGGCAGCA,29.03867331
GGGATTTAGGGGAGCCTCTGTGAGCAGGGTGGGG,64.8372093
CTCGTTTAGGGTCATTGCAGCTGACTTGAAGTAT,74.99132848
TTTCTTTAGGTGTTGCATATTCTGAATACGTTTA,42.50614251
CGACTTTAGTACAGCATCACGTGATAGATGGCAG,44.82200647
GTTCTTTAGTACTTCAACTGATTTTTTCACCCGA,-2.359545793
TCATTTTAGTCCCTGCACTTCTTGGTCTCAAAGG,100
GCGTTTTAGTCCTTCAACTTCATCTTCTCCTGGG,66.00393694
TATCTTTAGTCGTTGTGCATTGTTTGTCTTCATT,72.78875405
GGTCTTTAGTGGCTTGTTTTCCAGCCACCTCTGT,8.866077759
TCACTTTAGTTGTTTCTAGCTCTTCACAGGAAGG,11.50581413
CTGATTTAGTTTCAGTCTGATTTCTCCTCCACTT,72.58883249
TACCTTTAGTTTGTATTTTCCTTTCAGGTTTCTC,2.285547308
AGTTTTTATAACTGGGGTATAAGTTTTTCACAGC,72.26905312
TCCTTTTATAGATGTACTGTTCCATCTGGAAGTC,69.83286326
GAATTTTATCAAGCAAGATGTTTTTTCTTATCCA,-0.267341235
ACGGTTTATCACAGCCACTGGAGGCACCCTGCAC,80.29030734
GGTGTTTATCACGGTGCCATTTCTGTTGATTGTT,49.7802452
TTCCTTTATCAGCTTATCCCGCTGCTTCCTGATG,20.36665712
TGGATTTATCAGGGACACCATGGGGCTGCATCCC,21.37572681
AAATTTTATCCAAGTGCTTCTGCTTCTCCTCTTC,76.30718954
TGGGTTTATCCTGTTCAAAGATGCAGCCAGTGTG,80.4494382
CTCTTTTATCGATCCTCAGGTACCACTGTGTTCG,59.64118109
CTGCTTTATCTCCAAATTCTTTTGCAATAAGGAG,-0.165289256
CCCTTTTATCTCCACTGCATCGAAGTGGGAGCGT,49.41585136
TTTCTTTATCTTCTGGTCCCCGTTTAACGTGGTG,41.54043098
TCTCTTTATCTTGATTTCTTGCCAATTCGTTGCC,8.194718944
CACCTTTATCTTGTCCTGAGTGCTGGAGGACCTT,51.44442769
GGGATTTATCTTTTTTCAGTAAATCAATGCCTCT,0.445103858
CATGTTTATGAACCATGCTGTCAATATTAAACTG,67.19056974
TGCATTTATGACTCATTATCCCTTGATAATGGAG,43.56846473
CATCTTTATGAGAAGATCCTCCCTGCTGTCTCGA,85.16209476
TGGGTTTATGCCACGGGATGGTTCCTTGCCATTG,43.73878614
ATGATTTATGCCAGCTCCAAGGACGCCATCAAGA,97.14285714
AGCATTTATGCTAAGTTCTGTTGAATTTCCTTCT,-5.701754386
GTTCTTTATGCTCAAGAAATGCAGTTTCAAGTTC,19.75683891
CAATTTTATGCTGACTCAGCCCCACTCTGTGTCG,76.64616893
CGCTTTTATGCTTGATAGTTGCTTCACCTCACCT,72.04930011
TCACTTTATGCTTGCCTTTCATAGCACAGTTTTC,76.38190955
CGCCTTTATGGCCTCGAAGGCCTCCCTCCTGCGC,43.36259938
GTTGTTTATGGGAGATCCCACAGTATAAACACAT,21.05263158
CCTGTTTATGGGCTCCATTGTCCAGCTCAGCCAG,83.91478196
TCCTTTTATGGGTGCTGCCTCCATGATCCACAGA,85.68770353
GGGCTTTATGGTGGTGACTCTCAGTCTTCTTGGG,50.09709245
GGCATTTATGTGGGTGCCAAAGTCTTCCTCATCT,60.52631579
TTTTTTTATGTTCATTCAGGACCCTGGACCGTCC,37.98620431
ACATTTTATGTTTTCTGCTTCCCTGGCTGGTGAA,5.021827993
GATGTTTATTACATTGTTGGTGGCACGTCCCCCC,43.0258422
CAGTTTTATTCACATCTGCTCCTGCCTTCAGAAG,93
CCAGTTTATTCTCATCGTTCTTTGAATTCACATC,14.15804327
AGGTTTTATTCTGCTGCTGGCAGCCTTGCCCTCT,18.41311106
GACATTTATTCTTCCCAACACCCACCTGCAACAC,34.01739846
AAGTTTTATTGCAGATGTCATCATGTTCTATCTT,4.97382199
CCATTTTATTGCCATGTCAAGCTCTGGAGGCGGA,45.39130435
TGGATTTATTTGTTGTGTTAACCACAGGCTGGTC,-3.182916875
GCCCTTTCAAAGTAAGCGCTGAGGTTGAACTCCT,100
AGGTTTTCAACCAGATGAAGAAATGAATGAAATC,79.56989247
ACGGTTTCAACCCCCTGCGGCCCAATGGCTACCA,64.1025641
TCCATTTCAACCTCACCATTTGTGTTCAAGACAG,39.93367148
CCTTTTTCAACTGGGCAACGAGCCGCGCGCTGTG,84.36712757
TGTCTTTCAAGGCCTTTGTTTCCCAGGGTGCACT,51.89926083
CCTTTTTCAAGTTCATGTCTGAATACGGGCAGCC,27.84313725
CAGTTTTCAATCGAGCTCTTTCTTTCTTTTCCAC,42.46676112
TGGCTTTCACACCAACCATTCCGCACTGCAGCAT,55.46391753
TACGTTTCACAGCAGGCATGGATCTTTCATGGAA,50.10027308
TACCTTTCACATCTTCATCCTCAATTGTTGTATT,53.2263457
CTAATTTCACATGACCCCGTGACCTGGCAATTCC,81.04915673
CTGTTTTCACATTCTCCCACATCTAGGCCACAGG,84.666122
GGCCTTTCACCATCTTCGTGCCGCACGCAGATCT,83.0952381
TCAATTTCACCATGTTCCTGACCATGTTTGGTGA,89.59162385
CGGCTTTCACCGCCCCGCGGTTCATTGCGATATA,4.488330341
GAGATTTCACCTCTTCTTTGAGCACTGGTAAACT,62.56939323
GGCGTTTCACCTTCTACCCTTGCGTCCTGGCTAC,59.7719231
TGCCTTTCACGGGTGCAGCGTAGTCTGTTGTCCC,67.29835111
CATCTTTCACGTCGTCGTTGCCTGCGATGGCTCG,53.97727273
CGGATTTCACTCCCAATGGTTTGTGTGGCTTCGT,30.75941629
CTGCTTTCACTCCCACCAAGATGTCTGTGTGACC,81.68217219
TACCTTTCACTCCCATTTACTTCTTGTCCAGAGG,22.28607918
GCTGTTTCACTGGAGCACTCTGACTGATTCTCTG,99.5049505
CTCTTTTCACTGTTGGGCTGTGTTTAATGACAGA,100
TAGATTTCACTTCAACTTCTGTACATCCTGCAAC,100
GTCTTTTCACTTCATCTATAGCTTCTTGCTTGGT,92.15745157
TGCTTTTCACTTCCACTGCATCTCTCGCTGGCTC,79.43744863
CACTTTTCACTTCTGGGATGTAGGTGGTCAGGAG,83.40080972
GAGATTTCAGACTGGCAACAAGAGCCCTGAAGTG,100
ACAGTTTCAGAGACTCCTCCACTCTCTGGGAATG,99.65126749
GATGTTTCAGATTGACCAAGCCACCAAGCAGTGC,99.65517241
TGCGTTTCAGCAGCCCCTCCTCCGAGTCGCTGCC,82.0642978
CTCTTTTCAGCAGTCAGGCGCTGACCCAAGAGAA,90.75718209
CCATTTTCAGCAGTTTCATCTTCAATTCCAGATG,58.53131749
GCTGTTTCAGCCGCAGCCTCTCCTTCTCCATCTG,86.19708289
GCAGTTTCAGCGAGTCGTGGTCATAGGGGCTGGG,69.07477544
GTATTTTCAGCGTCGCTATTTCACGCCGGCGGAG,57.52508361
CCTGTTTCAGCTGCACATGAAGTTGTACATGGTT,97.83213414
GTGTTTTCAGCTGGCTCAGACTTTCATTTATTCT,81.10599078
TGTGTTTCAGCTGGTTGCAGAAAGCCCTCACATC,72.41893237
CTGATTTCAGCTGTGTGGATTTCTGCGATCAGAT,74.66589192
GAGTTTTCAGCTTCCTGTGGTCCAGGTTTATCTC,76.65808781
CGCCTTTCAGCTTGCACAGCTGTTCCCGCACTTT,51.05296211
ACTCTTTCAGCTTGGTCTTCAGAGCCACGATTTC,97.3015873
TCTCTTTCAGCTTTTTAATTGCCCTCTCTCCTCA,2.513867717
GAAGTTTCAGGAATGTCATTTGCACCATATTGAT,50.47323198
GGTATTTCAGGACAGCCAGGAGGGGGCGCACATC,44.49209322
TTAGTTTCAGGCATTCTACATCTGTTTCTAGTCT,84.67176092
CTGCTTTCAGGCCAGTGGGTCATCACTGCTGCTC,24.02136716
CTACTTTCAGGCTATATATTCTGTTTTCATAATT,0
GGCATTTCAGGGTTTGTGTTTCGTCATGAGGTGA,-0.222717149
TGTGTTTCAGGTCATCCCCATGCCGGCCGGCTGC,64.12395709
GGCCTTTCAGGTCTCGTGCACCCCAGCGCCCAGC,3.450842454
CTCATTTCAGGTGCAGATGACCGTCTTGTTAAAA,93.35040069
CTTCTTTCAGGTTTTTCAGTCTTTCTGCTTCCAT,5.405405405
ATTTTTTCAGTGTGCTTTCATAAGATCCACACTT,100
AGGTTTTCAGTTGCTTCTGTGAATGAGTAATGTC,99.57627119
TTCCTTTCATCATTGGCTGCAACCCCACCATACT,68.7224532
TTCTTTTCATCCTCCTCCAGCACTGTGAGCTTGG,80.2173913
TCTGTTTCATCCTCTCCTTCTTCGCCCTCTGTGG,64.27341438
CGGATTTCATCCTGGATAGCTTTCTGAGACTTTT,69.70509383
CAAATTTCATCTCCTTCACCCTGAAGCTGGTCCT,51.29107981
AAAATTTCATCTGAGTTCACCTATGCATGGTCGG,79.19799499
ACTTTTTCATCTGTAGCTTGGCCATATCTGATAT,95.25816649
CTGTTTTCATCTGTCCTGTAATCCTCACAGAGTT,99.86842105
GCCGTTTCATGAGGGTGGTCACTCGGACAGCCTT,95.50803924
CCTTTTTCATGCCACAGTTGACAAAGGAGCCGTG,54.76854039
CCTGTTTCATGGCGTGCTTCTCCTGAAGAGCTGG,75.93718338
CGGGTTTCATGGGGAAGGCCACTCCACCCTACGA,99.83193277
ATCATTTCATGGTATAAATCATTGCCTTCACGGG,66.0543131
GAGTTTTCATGGTCTCCAGAAGTGCCCACGTTGC,49.03697078
CTGATTTCATGTACTTCCTGCACCACTCTTGGGC,67.20731961
TTCATTTCATGTTTTGTTTGGTCGAGGAAGGACA,0
TTCTTTTCATTACCCTCCTCTTCCTGGTCCCTCA,61.18249367
TTGTTTTCATTCCAGACTTCAGCACTGGGCTGGG,73.67412125
TTTATTTCATTCTTCGTTGAATCATTCTCTTGTC,14.45272868
ACAGTTTCATTCTTGTCGCCCAGACTGGAGTGCA,21.35231317
ACCCTTTCATTTTGTTTGGAAGATGGACCAAAGC,0
GCTTTTTCCAACTGTGCCTGGGCCTGCCGCTCCG,61.32980582
ATCTTTTCCAATTCATTTTCGGTATAGTTCTTGG,0
ACGTTTTCCACAAGTTCTCCGCGTTCATCAAGAA,71.46757502
CTCATTTCCACAGCCACATGCACCAACCGTCCGG,100
CTAGTTTCCACAGGGCAATGGCTATTTCCCGATG,78.82934609
CTTCTTTCCACCAAAACCAAACTTCTGGTTTTTA,57.18654434
GGGTTTTCCACCATCTCGCGCAGCCGGTTCATGC,65.78494586
TCCGTTTCCACCTGCCGGGTGGTGGCGCTGTACA,9.21447986
ACTGTTTCCACGACTTCTGTGCCGGCTGCCTGCG,23.4268648
ACCTTTTCCACGGGATGGATAAGAATACTCCTGT,93.52678571
TGCCTTTCCACGTAAAAAGGATGAAGCTGATATG,52.84280936
CTCATTTCCACTTAATAATTTCTCTCTGCTTTTT,21.45090413
GTATTTTCCAGAGAGCACTTTTCACTTCTTTGTT,99.25558313
ATGCTTTCCAGAGGACTCTGGGCTCCCTGTGTCC,91.90140845
ACCCTTTCCAGATAGGGCACCTGTCTTCCCCGAC,67.51047171
CTAATTTCCAGCCATCACCTTTGGTGGGGTGGGC,-6.029128293
AGCATTTCCAGGACAAGGTCTTCTATGCGCCCGT,99.87593052
CTCGTTTCCAGGCCTGAAGCGATTCATCTAGGAC,45.51458448
AATGTTTCCAGGTTCACTGCCAGATTTCTGTTCT,74.7144186
CTTCTTTCCAGGTTGCTTGGTCTTCAGTCCTTGT,50.09107468
TATCTTTCCAGTCTTTAATCAGCTTCATAGTTCG,30.87818697
GCAGTTTCCAGTGGGTTTTTTGGAGGCCAGTGGC,0
TGTCTTTCCATACTTCAACTATTGTGCCCGGCGC,18.21378784
AAGGTTTCCATCCAGTTTGAGCGGGCGCTGCTGA,0.075658775
ATCATTTCCATCCCAGTCAATGTCACCAGCATCC,43.40692641
TCTCTTTCCATCTCTTGGATCTGTTACTGACCTA,55.24095095
ACCTTTTCCATGACAAGCCGAGCAAGTTTAATGG,94.03829938
AGTGTTTCCATGACTTTGTCCACAACCTCCTGCT,83.9021289
ATTCTTTCCATGTCCTGGGAGAGGGTCAGATTTG,34.84162896
TCCTTTTCCATGTGAATCTCTCACCAAGCCTTTA,97.87685775
TGAGTTTCCATGTGGCTTTACTTCACCTGCCAAT,85.59103763
TACCTTTCCATTTCCAGGCTCTCCACTCGGGCCA,40.80416238
CTGCTTTCCCAGCAGAAGGTCAGTGTCTGAAGAG,65.07042254
GAGGTTTCCCAGCAGTGGTAGCGGCGTGGGCCCG,84.54697054
CTGCTTTCCCAGCTCCCCATTCTGAAGCCCAGGT,99.71936389
GGCTTTTCCCAGCTCTTCCATCGAGTCCTTTCCC,76.96792663
CGCTTTTCCCAGGCCCCTGACCCAAGTGGGGCAC,100
TGTGTTTCCCAGGTTTCCACTGGCCTTGGCCTCC,77.73567849
CCCATTTCCCAGTCTCTTGATCAACTGCAGGGAT,20.26627219
AGTCTTTCCCATCTTTGCCATGTACAGCTTTGAC,96.23717218
CTTCTTTCCCATGCATTTCCAAGCCTTCCACCCA,79.14567676
ACTGTTTCCCATTGCGTCTTGTTAGCCAGTCACG,88.22470858
GGGTTTTCCCATTGGCACACCAGCACCGGCCCGG,87.10245422
TAGATTTCCCCAACTCCTTCCATGCCTTCCAGAC,93.51341682
GTAATTTCCCCACTTCTTCCGTAATTTCTGAGTG,57.12380937
TCCGTTTCCCCAGGCCAAGCCAGCCCCTTGGTCA,99.68203498
CACCTTTCCCCAGGGGTTCCGTAGCTTGACGAGA,65.74454302
CTGCTTTCCCCCACAGGCAGGCCAGCTTTCCGCG,71.20980092
AGCCTTTCCCCCAGATCTCCCGCCTCCCACCCCA,47.98970955
CACGTTTCCCCCGATGTGGCAGCTGCCCTTGGCT,45.60810811
AACATTTCCCCGAATACGGCGTCATCAAGGCAAC,92.031979
CTCCTTTCCCCGTTTGGAGCCGGCTAGGTTTTTG,43.00791557
GTAGTTTCCCCTCATCAGGCAGGAAGAAGATGGC,88.50075903
CATTTTTCCCCTCCAGGTCATCTGGGGTGGTGAT,24.46384237
GCTTTTTCCCGCCCCCAGACCGTCATCGTAACAC,100
GTGGTTTCCCGCCCTGTGTCCAATGCCTGCCTGG,73.80700696
GCCATTTCCCGGAGTGGGAAGACCCTGAGCAAGC,68.7960688
TCTTTTTCCCGGCAATGATGTCGATGACCAGTTG,46.87179487
GCTCTTTCCCGGCTCCTGGTATGCTGGGCCTGGG,24.57386364
TTCATTTCCCTCCTTCGCCGATGGCGCCTCCAGA,26.25160986
GCTGTTTCCCTCCTTGTCCTTGTCATCATCTCGG,88.54860649
TCTGTTTCCCTCTACCAGTTCTATTTGGCTTGCA,78.61626338
GATGTTTCCCTCTCGCATGGCGTGGCCTGAGGAC,42.26080587
CCTTTTTCCCTCTGCTTCCAAGATTGCAGTGGTA,95.38461538
CTGCTTTCCCTCTTCACCTTCCTCTGCTTCCTCC,75.95767967
ACCATTTCCCTGATGGCCGGGCACTTCCGGCTTA,28.53982301
AACCTTTCCCTGTTGATCCATGATGACAGATCAC,36.01083032
TTTCTTTCCCTTGTCAATCACAGTCATCTGATCG,60.18821039
AGGCTTTCCCTTTCCCCAGCCCTGAGCAGGGCCT,100
GCCATTTCCCTTTCTTCAGAGCCTACCTAGGACC,80.96885813
GCTTTTTCCGCAGCAGGAAGGCACATATCCTGCA,83.68794326
TACTTTTCCGCCTGAGTTCCTGCTTGAAATCAGC,61.73094316
GGACTTTCCGCTCCCCCAGAAGATTGCCCTGGGC,99.87922705
ATGCTTTCCGCTTCTCCTCCAGCAGCTGGCTGGG,24.84296836
GCGTTTTCCGCTTCTTCCTCTGCACTGCTGACAC,52.20370515
TACGTTTCCGCTTGCTGCCCGCTCCTCTGTCCCG,69.35709068
GGCCTTTCCGGATGTGGTCAGCCTTGTGCAGCAC,29.98534199
TGGGTTTCCGGCCAGAGGCATGCTGGGAGCGTCA,37.3586362
TCCTTTTCCGGCGGCGTTCATGTCCTTCACGAGT,20
TTGCTTTCCGGGGCACATAATCTCCAGCCGGGCG,68.06569343
CAGATTTCCGGTAGTCCACCGAGTGGCTGGCAGT,9.223300971
CGCCTTTCCGGTCCCTGACCCCAGTGGATGGGAG,58.56697819
CGCATTTCCGGTCTTATCTATGAGGAGACTCGAG,22.90909091
ATACTTTCCGTAGACATGATTGAGCTGGCATCTG,91.71974522
GCAGTTTCCGTAGTTGCAGCGGCTCTTCGCAGGG,84.87605805
CCCCTTTCCGTGCAGCGAGTGCCGCGAGAGCTTC,72.13848757
TCAGTTTCCGTGCAGGATGGCATCCTTCTGGCCA,90.31015763
TCTCTTTCCGTTCCAGCAGGCCAAGGATGCTATG,66.37681159
GAGCTTTCCGTTGAAGAGGCGCAGGACCCTTTCC,59.23295455
TTTTTTTCCTAAACAGTTCAGTGTTAATCCTTTC,52.52244116
CAAGTTTCCTAAGAGCTGTTAGTATCTCCACTTT,61.2491694
AACTTTTCCTACACCTTCTCCTGGCAGCATGGTT,91.10097106
TCCCTTTCCTATGATCTGCACTGCTGTGGGGCCA,40.07747468
CTTATTTCCTATGTCTCTTATCTGCGCTTTTGCT,68.8882265
GACCTTTCCTATTCGGTTCCTGAAGGACCCTGGT,42.54278729
TCACTTTCCTCAAGCTCGGCTGGATTGCTTAATG,48.46649682
TGTCTTTCCTCACGCCTCTGGCCTTCCTGCTGCT,49.65945066
AGACTTTCCTCAGCCTCGAGGATGGCTTGGGCTC,11.3413595
GTCGTTTCCTCAGGAACTGGGTCTTCCTGATTGT,100
CCTCTTTCCTCAGTAATGTCTGCGGGCTGTCCAT,51.36909634
CAGGTTTCCTCAGTCATAGACGTGGACCTACTGC,91.78674352
TTGATTTCCTCATCTGCCTGTTGTGCATTTCTTC,75.26223776
AACGTTTCCTCCCACAGGTGCATTGCTACCAGGT,100
TTCTTTTCCTCCGAGGGATGTCTCCTGAGTGATC,72.61103729
GGGATTTCCTCCTCTGGAGGCTCCTCCGAGGGGC,70.56530214
GGCCTTTCCTCCTGTAGGCTGGCACAACACTGTT,43.12451034
TTGCTTTCCTCCTTACCCTCTACCTGGGCCTGGC,21.22538981
CACTTTTCCTCCTTGCCTCTGGATGATCAGGTCA,83.31753478
CTGGTTTCCTCCTTTCATCATTTCAATGGTTTCC,23.17346481
TGCCTTTCCTCTACTGCTCTCTCAGCTGGGGGCA,64.42521697
ATTATTTCCTCTCCATGCTGGCAGCTGTTGATCT,62.45136782
CACCTTTCCTCTGCCCCCGGGGCCAGTGCCTGCT,0.658978583
TTCGTTTCCTCTTTAACCTCAGCAGCATCCCTGA,61.86186186
TTGCTTTCCTGACCAACAGTCTGAAGCCCTCTGA,85.27375708
ACAATTTCCTGATGGTCCTCCAAGCCCAGTCCAG,99.80079681
CTGATTTCCTGATTCCGACGCCTCTTCCTGCTTC,69.35666117
CTAGTTTCCTGATTTAGATTGTTTCTTGTCTCTT,17.57909522
CACCTTTCCTGCATCTTCAGGACCTGGCTGCAGT,63.33107191
TCACTTTCCTGCCAACTTTCTCGTTGCCTCTCCT,65.08651069
GGCTTTTCCTGCCCTTTGAGGATGATCTGAGGAG,34.375
ACGTTTTCCTGGAGCACTTTGCTGCTGATGGCTT,56.56036621
TGGTTTTCCTGGAGGGCACAGGTGTTTCCCATCG,45.21988582
CGTTTTTCCTGGATTTGCGGTATTCACTACACAA,60.20642202
GCTCTTTCCTGGCTACAGATAAAAGCTCCAGGTT,66.22516556
CCCCTTTCCTGGGAGACACGAAGCAGGAAACACT,100
CTCCTTTCCTGGGCCTGCAGGTTCCGGGGCAGCT,19.5931998
GATATTTCCTGTGATAGTCCGAACTGTCATTAAC,12.79719859
AGGCTTTCCTGTGTGGCTCCATCAGTGGGACCTG,28.04025142
TTCATTTCCTGTGTTTGCTGCTGTGTTTGGCTTA,55.76161587
GGCCTTTCCTGTTATCACAGGCTCCCTCTTTGTC,65.17135071
GCCTTTTCCTGTTGCTGCCGCACCTTCAGCTGCT,66.20888419
ATCTTTTCCTTCACCGGCCCCGTCAGTGGCACCC,38.05361171
CCTATTTCCTTCATGCACAGCAGTTTCCAACCAG,-0.082101806
CACCTTTCCTTCCCGACCTCAACTTCTTCGCGGC,77.67902265
ACCCTTTCCTTCCTTGCAGCCCCATCGTGGCCCA,53.23110624
CATCTTTCCTTCGTTCTCCAGAAACCCCTCCTGT,41.91374663
ATGGTTTCCTTCTCATTGCCATTGAAGGCCCCTT,55.17847837
GAACTTTCCTTCTGCCTCTCACATCCTCGAGTGC,72.31698484
TCAATTTCCTTCTGGGTTCTATGACGCACAAACA,57.89319892
AATCTTTCCTTGTTCTGGAGGTGCTCTCAAATCC,58.77192982
CACCTTTCCTTTACGGTCATGATGTGTCTCTCTG,56.26298782
GTAATTTCCTTTGCTCCGAAAACCAGTCTCCAGT,71.34222088
TTCTTTTCCTTTGCTTCTTGGGAATTCGTGAATG,32.14739517
TGCCTTTCCTTTTCCTAGGGATGTTCACCTCCAC,-3.082549634
GGTCTTTCGAAACTCTTGGGTTCCTTCTTTCATT,59.93756504
CCGCTTTCGACCAACCCGTCTACACTGTGTCCCT,94.39252336
TCCTTTTCGACTACCTGACGGCCAACTTCGACCG,39.44134078
GGGCTTTCGAGCAAACCTCAGTCTTCCTTGCCAT,99.81481481
CCTTTTTCGAGCCTATATCGTGGCACCTGGCTAC,56.02252912
CAGGTTTCGATTGAGTTGCTCCCGCCCTGACATA,82.86271412
CATCTTTCGCACTGTGTGGACATCCCCAGCAGCC,55.78921043
TTCATTTCGCAGGCACACCCTCTTGGTATCAGGA,100
CTCTTTTCGCAGTCGCACAGCCTCCATTCGGCGA,58.53531085
CCAGTTTCGCATCTGGGACCCGGTGCTGTCGGTG,63.98792681
CAGCTTTCGCCACGAAGGATCGGCTGCGGGCGCA,37.79210314
CCCATTTCGCCATCATCCCTTGGAGTGCCCGGTT,69.5746701
GAGCTTTCGCCCGACGATCCCGCCGGCCTCTTGG,65.99780079
CCCATTTCGCCCTTCTCGGAGACGGTGCGCATCA,57.94160792
CCCTTTTCGCGCGCCACCAGCGCATCCAGCACGC,-0.285803197
GTGGTTTCGGAATGATCAGGAGGAGACAGCCGGC,82.5
CAGTTTTCGGACATCTTCGCTCCACACCTCTCCT,71.41256061
ATAGTTTCGGAGGACCTTTGAGGTGGCGAGCTGA,52.91762014
CTTCTTTCGGATGTCACGGCCAATGCAGAAATCC,14.78439425
AAGTTTTCGGATTCATTTTTTCAAGCCGTCCCAT,0
TCTCTTTCGGCACTACTCCCCACCCCCATTTGGC,51.86289121
GCTTTTTCGGCAGACGGGGCAGCTGTCGTGCTTT,-0.311305202
GCGCTTTCGGCAGCAGCGGTACCTGTCGGCGCCC,44.53303176
TACCTTTCGGCCTGCCTCGTTGTTGTGCAAGTTC,56.97269596
TTCTTTTCGGCTCTAGGGTCCTTGGCTGGGTCGG,54.50268188
GGGTTTTCGGCTGTGACCAGCCTGTTGGGCTCAG,22.68317076
CTCTTTTCGGCTTTCACTTCCACTGATCCTTGAG,99.53917051
GTGCTTTCGGGAATGTCAGGGCTGGTACTCTGCA,70.04608295
ACATTTTCGGGAGGTGGTACCATTCCCAATGCTA,80.09478673
CCGGTTTCGGGCTCTGGTCAGCTGCAGCATCACT,60.02428904
GGTCTTTCGGGGCACATTGAGTTTCATGGCCTGG,14.3222026
CAGCTTTCGGGGTAGCCGCTCTGGCTCCAGCTCC,48.46390169
AAGGTTTCGGTCTCCTGCTGCTGGCCGCGCCTCC,48.90582621
GCGCTTTCGGTGGCGGGCAACGTGCTGGTGTGCG,76.11564196
GAGGTTTCGGTGGGGGGTCAGGGCTTCCCAGGTC,29.06976744
ACGGTTTCGGTGTCAATAACTGTGATGATGCCTG,77.00467172
GGGCTTTCGGTGTGGGATGTGGATGGCTTCCGGC,81.53715635
CCAGTTTCGGTTATTTAAATTTTGTACCTGCCTA,-0.190114068
AATCTTTCGTAACCAACGTCTATAACAAACTTCT,84.77508651
TGGCTTTCGTCCCCTTCCTCTTGGTGACCTGGTC,77.56140926
GCATTTTCGTCCGTCCACGCTCCTGAGGTCCTCC,83.40619605
CAGGTTTCGTCCTCCGCCAGTGTGGCAGTGATGG,78.3301593
TCCATTTCGTCTTCTACAATACCAACAGCCGATG,71.886121
GGGATTTCGTGCGACTGTCCCAGGCCCTGCAGGT,48.81119325
TCCGTTTCGTGGCGCCAGATGCCTTCCATTTCAC,83.16583971
AGGCTTTCGTTGGTGCGGTGGTTCATGCAGATGA,66.21087153
CGAATTTCGTTGTCTCGAAGGGCTGTGTTGGAGG,68.94131245
CTGTTTTCTAAACTTAGTAATTGAGTGTGATCTG,25.58139535
GACCTTTCTAACCGGACCTCGGCACTGTACCTCT,81.97744462
ATGTTTTCTAATCAGTGTGTTAATTAATGTGTTC,74.00295032
TCTATTTCTACAGATTCATGTAGCTTCTTGCAGG,39.1219016
TAGATTTCTACCAACACAGCTGGCTGCCAGCCCG,99.80544747
GCCCTTTCTACCGCCTGCACTTCAAGATCCCACA,49.46089366
CTTATTTCTACCTTCTTTTTGGCCTTGCCCCCGG,0.036918558
CTCTTTTCTACCTTTTGTAATAACATTCCTTTAT,0.03673956
CCTATTTCTACGTTTGTACCTATCAGTTTACTGT,15.22688668
ATTATTTCTACTGTCCTCAGGATCCCTTCAGCTG,39.86721267
GCTGTTTCTACTTTTTCCCCTGGCTTCGCATGTG,1.103220808
GACATTTCTCAAAAATGCTTGCACGATTTTCCAC,22.86821705
TGAGTTTCTCAAACAAAGACTAAGCCTATTTAGT,93.47181009
ACAGTTTCTCAACCTTACCCCAGCCCTCAGAGCT,87.21351025
GCATTTTCTCAAGTCCTGTCTTCAGAGAAGAGTC,100
TTTTTTTCTCACAAGTTTTTGTCTTTTCTCATTC,-1.954382324
TGTGTTTCTCAGCCACTTCAGAGAAGGCCTCAGG,41.51515152
GGAATTTCTCAGCTGGGCAGGATGTGCATGCCAT,63.18864775
GCTGTTTCTCAGGATCTTCCTCATTCATGATTCG,71.83760684
GGTCTTTCTCATCTTGGTCCCCTCCCCTGCTGGA,22.81225007
TCATTTTCTCATTAAGCCCTCTCAATTCATTTGA,93.06306306
ACAGTTTCTCATTCTTCGCCTGGAAGATCATGCA,51.77467409
CTCCTTTCTCCAACTTGGAGATCACCTTAGGTTT,14.39539347
TTCGTTTCTCCACCGGTTCTTCACCTAGGATCCA,69.50885029
CAGATTTCTCCACCTTTGTCTTATCAATCATTTG,31.29770992
TGAGTTTCTCCAGCTCCGCGTTGTCCCGCTCCAG,20.4746168
CTGATTTCTCCAGGCTTCCTGAGCTGGCGCAATA,9.329729935
TCTGTTTCTCCAGGGCCCGGTGTGAGCTGCTCAG,91.25454909
CCTGTTTCTCCAGGGCTGCCTCGGCCCGGCTCTC,29.65255143
TATATTTCTCCAGGTTGTTCCAGGCATTCTGGTT,18.8221709
CAGCTTTCTCCCACTGCCCTCCTCCGGACACCCA,91.03988208
CCAGTTTCTCCCAGCAGGACCCTCTTCTTGTTTT,98.4465843
GGCGTTTCTCCCGCTGCCTCAGGGCCTCCAGGCC,48.31689922
TCACTTTCTCCGTGTGGGGTCACCAGCCTTGCCT,22.34050905
GCCATTTCTCCTCATCAACCCAAATCCCGCTTCC,72.28928661
ACCATTTCTCCTCCATTCTCAGTCCATGTGGTTC,71.57736612
CCTTTTTCTCCTCCTCCGCTTGGGCAATACTTCA,87.59493671
TGTATTTCTCCTCTGATGGTAATGTACTGAACCC,66.36943877
ATTCTTTCTCCTGAGCTTTTTCTTCCTCACGTCT,0
CGTCTTTCTCCTGCTCGTAGATGTCCGCGATGGG,25.30300486
CCTGTTTCTCCTGCTGACCTTGGGTCACACCCCT,39.00034904
GGAGTTTCTCCTTCACTTTTTCCTTGGTTAGCAT,0.166482768
TTTCTTTCTCCTTGGCTCATGAGGTCCTCGGCCC,35.4646096
CGAGTTTCTCGCACTTGACCTTGTAGGCGTCTCT,0
AGGGTTTCTCGCCGGTGTGCGAGCGCATGTGGCC,-0.084245998
AGGGTTTCTCGCCGGTGTGGACGCGCAGGTGCGA,0
TGGCTTTCTCGCTTGTTCACAGTTTACTGCTCTG,45.53410948
CATTTTTCTCGGGTGACAGATGGCAGCGTAATGT,9.698275862
TGGTTTTCTCGGGTGGTTCTCTGGCTTCCGGCAT,59.72316141
CCGCTTTCTCGGTGACAGTTCGCTCCCTTCAGCA,71.9047619
GGGCTTTCTCGGTGGCGCTCATTAATTCTTTGAG,61.72985782
CCCTTTTCTCGTTCCAACGATCAACCACTTTGGG,79.55543741
ACCTTTTCTCTAATATGTCTAAGTCCCACTTCAA,70.20649249
GACTTTTCTCTATATACTGCTTTGCCATCTCACC,75.85279084
GCAATTTCTCTCTGCTCATCTTTGCTATTTAACA,67.79279279
CCTCTTTCTCTGCATGCTTGCAGCCATTGACCTG,40.67285985
CTCCTTTCTCTGGAGCTGTGCTTGGGGCTACTCT,63.50649351
GTCCTTTCTCTGGCGCTGGCTCTCACACTCTTCG,76.31509793
GTTATTTCTCTGGTGTCCCACGAGGTGCCACATG,60.52356533
TAATTTTCTCTTATTCTCAAATAGTCACCTCTGT,100
TCACTTTCTCTTCATAGGAATCTTGTCGATTGGC,27.01067725
TGGATTTCTCTTCTTGCGATTCTTCGCACCTGCC,12.39139328
TGCCTTTCTCTTCTTTCTCCTCGACTTTTACCAT,15.12062539
TCTCTTTCTCTTGAACAGCCCGGGTGCCTTGACC,62.0498615
GGAATTTCTCTTTCAGCTCTTTTACTGTGCGGTC,7.315985137
CTGATTTCTCTTTGATGCATTTGAGCTTTGCATG,8.978873239
AGAATTTCTGAACACTTTTACTCATCTTTCACAA,5.223880597
TCCCTTTCTGAAGTGGTTGGGAGCTTTGGGAGAG,1.760463287
TACCTTTCTGACTTGGAGATTTCCCGGGCTGCCC,0.44345898
ATATTTTCTGAGATAACCGAGCCATCCTCCCACT,95.09043928
CAGCTTTCTGAGCTCCATGCGCCGCCCTATCTTG,72.37036657
GGAGTTTCTGAGGACCATGCACCACCTGCTGCTG,86.96450428
TTGTTTTCTGATAACGCCCCACCTCCTGAGCTGC,71.67231757
GTCCTTTCTGATACCATGAAAACAGGTTTGAAGA,70.74340528
GGACTTTCTGATAGATGGCCTCCCCGTCTCGGGT,19.94440752
GCAGTTTCTGATCTCCCCTCCCGCCTCTCCGCCA,74.30524857
GCCCTTTCTGATGCCGTAATCTGCCATCATCTTC,83.85185185
CCGATTTCTGATTCTAACAGGACAGCTATCCCGG,57.67918089
GTCTTTTCTGCAAGCTTCTTCTGCCTTTGAGGGC,43.94102516
CATCTTTCTGCAAGGTACCACGCAGCTCCTTGTA,55.34988652
TCAGTTTCTGCAGAAGTCCCTGGCTGCTGCCGCG,75.57246318
GGCGTTTCTGCATCGGCCTGCACTCGGCGCCTCG,57.10111479
ATCCTTTCTGCATCTTCCTGAGGGCGCGCTTCCT,3.927986907
TTGGTTTCTGCCCACTCAGAGTGGCAGCGGAAGC,38.80597015
CCATTTTCTGCCTCTTCCACAACTTCCTTCTTCT,81.24035346
GCGCTTTCTGCGCTGCAGCATGATCTGAAGCTTG,74.26900585
GCGCTTTCTGCTCAGCGGCGACGACGACGTGTTC,58.30367075
ATGATTTCTGCTCATTGCAACCTCTGGCTCCTGG,47.7591668
CCGATTTCTGCTCTCTATGTGGGTTCTACCACCT,73.20665188
CTTCTTTCTGCTCTGTGCTGTTGGGCAAGTGAGC,-0.041098208
TACCTTTCTGCTGATCATGCTCTTCTCACAGTAT,32.57635985
TGGCTTTCTGCTGCCCCTGCTGGTCATGGCCTAC,74.33117562
GCCCTTTCTGCTGTTCAGCCTGCATCTGGGATGT,63.9803006
CTGCTTTCTGCTTGTCATGTTCTTGCTGGAGACC,30.55363534
GCAGTTTCTGCTTTATTGAGACCGGTTAGACCCC,37.32542819
TCTTTTTCTGGAACACTTCCCTGAGTCACGCTCA,84.94871047
TTTTTTTCTGGAACTGGTTCGCTCCCTCTTTTCC,41.92708333
CCCGTTTCTGGAGCCTCCGGGCCAGCGCCTCGTG,19.9376947
GCGCTTTCTGGAGGACACATTTGGCAATGATGGG,77.06846053
GCTTTTTCTGGATACTGCCTGGTCATCTCTGCCT,80.1759134
GTGCTTTCTGGCGGGCATTCTGGAACCACACCAC,55.48498845
GCATTTTCTGGCTCTGAGAGCAGCAAGATGTTCC,35.16823266
TGGCTTTCTGGCTGTCCGCCTGCCGATCCCTGGA,15.58865667
TGGCTTTCTGGGCAGAACCATTCTTGTGGTGGAA,49.8823131
GGCGTTTCTGGGCCTCCTCTTTGAGGCGCCGGCC,4.559650318
GCTCTTTCTGGGGCATGTCTCCATGCATTGAGGA,49.60127592
TCCATTTCTGGGTGCCAAGGAAGCTGGAGGAATC,51.16772824
TCTGTTTCTGGGTTTCGACTGGTTCGAAGTACGC,28.46580407
TCAGTTTCTGGGTTTCGTGCTCTACCAGGAGGTG,68.91495601
AGTGTTTCTGTAACACTGTCTTTCAGGACACAAG,99.6742671
GAACTTTCTGTAGCTCTTTATTTTTCTTCAATCT,0
TGTGTTTCTGTCCACTCAGCCGCCCCGTGGTGCC,77.78810409
CTGGTTTCTGTCCCGAGTGCACACTGCTGGAGGC,71.34751773
CCCGTTTCTGTCTGGTCTGCAGTATGGAAGCCGG,93.75
TTCCTTTCTGTCTTGATTTCTTTCTGAAGACTGA,4.220183486
ATCCTTTCTGTCTTTGTTAATATCCCGCAGGGCA,3.795156722
GATGTTTCTGTGCACAGCTGTTTATTTCCACAAC,73.27586207
TGTGTTTCTGTGGCGGGCATCCTCCTGAGCTTGA,69.14542729
CTGGTTTCTGTGGGGATGGTGTCTTGTCCAGATG,68.35987028
TTCTTTTCTGTGGTCTCTAGAACCACGGACACAC,0
AGCATTTCTGTGTACATGTCCTTGTTGCTGGGAG,49.41772827
GTAATTTCTGTGTGGCCTGTCCATGGTGACTTCC,45.00158174
ATCATTTCTGTGTTGGAGGCCACCTCTTTGTTCA,58.0377201
TGGATTTCTGTTCAGATTGCGGCTCGGTCCTGCC,48.79763272
AACATTTCTGTTTCCTGCTGGTTGGCTCTCCTCT,45.96465634
CAATTTTCTTCAATTCAATTTCATTGTCACATGT,1.995305164
TGAGTTTCTTCACTTCGCCAGCTTGGGTGTCTGT,26.76275362
CTATTTTCTTCCACTTCATCCTCCGATTCTGGTA,67.91435478
CACATTTCTTCCAGTCTCCAGGCCCTGCACAAAG,37.16409377
TGGTTTTCTTCCGGTTCTCTGCGGTGAAGGGCGG,0.357142857
CCTCTTTCTTCCGTTCCTTTTTCAGCTTCCTTTC,1.361366133
AAATTTTCTTCCTTCTCCCAGAATGTCCTATGAT,87.93650794
AGCCTTTCTTCGGAGAGTGGAGGCCATGGTCATC,58.41121495
CTGGTTTCTTCTCTATATCCTCAGTGTCCACCTT,86.55782439
CTGATTTCTTCTCTGAATTGAGCACTCTCTTTCA,41.19511803
GATTTTTCTTCTCTTTCTTCCCCTTCGTATTGGC,24.83660131
TATGTTTCTTCTGCCTGTGGTCAGGGCTATAGGA,0.399467377
GGTCTTTCTTCTGTCTGTGCGCGCCTGGCTTCGT,14.38745226
TGGATTTCTTCTTCTTGATCTTCATTGGGTGCAT,0.861543483
TGAGTTTCTTCTTTTCCAGCAGGGCGTCGGAGAC,0.005151839
CATCTTTCTTCTTTTGCGCTTCAGCCTGCGCATT,1.301742099
TTCTTTTCTTGAAAGGTTTGTGCCTCTATGTTCA,25.75285103
AGCCTTTCTTGAAGATGGCAGCCCATCTCCAGTC,-0.070325451
AGCGTTTCTTGACCTTCCCACAGTCCACCACGTA,86.74033149
AGAGTTTCTTGATGGCAGCTGGGGCTCCTGTGGA,37.81512605
TGAGTTTCTTGCAGTTCATCCGACAGGCTCTCTT,48.08362369
TCCGTTTCTTGCGGAACTCCAGCTCATCCACGGT,75.59803969
CGCTTTTCTTGCTCTCTCAGACCCCCGAGGTACT,31.09756098
TTGATTTCTTGGAAACCCATCAATCAAGAATTTA,30.4518664
CTATTTTCTTGGACTCTGGCCACAAATCCCATTA,75.76853526
TTGGTTTCTTGGCTGCTGTGAGCGCTTAAGAGCA,32.41106719
CTAGTTTCTTGGGTTCGGTGGGGACTTGGCTCCC,27.86692685
TCCCTTTCTTGTGTTCTAATGGATGGGCGATACC,0
ATGTTTTCTTGTTCAGGCGTGAGGGCCGGGCCCT,13.24461686
TTCTTTTCTTGTTTGTCCCGCAACATCCTGCAGC,52.13675214
GGAGTTTCTTTAGTTGACTCCAAAACCTCCAGAT,21.47165259
TGAGTTTCTTTCCATGGATCTGAAGAAATACTTG,39.72054768
CTCCTTTCTTTCCCATATCACCCGGCAGTCCTGG,40.53254438
TTTGTTTCTTTCTCCTTGGCTCATGAGGTCCTCG,33.23699422
TGGATTTCTTTCTGGCCTCCAAGTGGGCGCTTGG,14.05385467
CACTTTTCTTTCTTGCCAGTCCTAAATACTGAGG,2.143446002
CCAGTTTCTTTTAGATGGACAGTTACTCCCTGAT,27.08774868
GCCATTTCTTTTCAAGATAGATACAAAGAACTTC,52.09125475
TACCTTTCTTTTCAGCTGCTGGATCTCTGCCTCA,32.43495057
CAGTTTTCTTTTGCGGGAACTGTGGCCGGCAGCT,-0.082101806
GCCCTTTCTTTTGTTAACCTTGGCCATGACTGGC,-5.453451512
CAGTTTTGAAAACAGTTCTTCTTATTCCCAGTCT,6.200575898
TCCATTTGAAAGCTGGTTTTCGGCCTCTTTCCTC,52.35444005
TGTATTTGAAAGTCTCCTTGATCTCGATGGGTCC,56.60377358
ACTTTTTGAAATTCTTTCTGCTCTTCATTAAGTC,0
CGTCTTTGAACACCGTGCTTCCACGCTCTCCTGG,47.73444617
CGACTTTGAACGCTTCAGTGGTCGTAGTCCTGTC,6.93623175
GCCGTTTGAACTGGATGCCCCTTGGATACAAACT,88.21752266
GGGATTTGAACTGTTCCAGAAGACGGTGTGGCGA,26.38655462
GGGCTTTGAAGATAATAGTGATCTGTGGGAAGGA,66.70011155
CGCCTTTGAAGATGCACTGACCCTGGCTCAGGAT,40.86538061
TCCATTTGAAGCCATCCCCTCAGGCTGGGCACTG,30.7889427
AGAGTTTGAAGCCATCGTCTGGGATGCCCAGGAC,67.63655931
GCACTTTGAAGCTTCTCTTGAATTTCTCCCGCTT,13.35837014
TCTCTTTGAAGGAGGCCACCGTATCCCTGAGGTG,55.07377049
TACATTTGAAGGTTTGACTGACCACTCCGGTATT,61.26482213
GCAGTTTGAAGTCCGCGGCTGGTGGCGGGGCCCC,69.29166667
GGATTTTGAAGTGCACCTGCAACTCCCAGTCTCT,67.32186732
GAAGTTTGACAAGTTCAAGCACCTGAAGTCAGAG,33.86666667
TACATTTGACAATGGTTAAACTAGCACTTCACAA,46.42233857
CCAATTTGACAGCCTTTCCTCCAGCTCCTCCAGG,29.99974726
TGTCTTTGACATTGTGGTCACAGCCAGAGCCCAC,48.08148242
TCTCTTTGACCAAGGCAGTCTTGGCATCTCTTTC,55.19543323
GGTGTTTGACCCCCACCGGCCATTTGCAATAGAC,87.88774003
CCGTTTTGACCCTGCCCAGGTCCAGCAGGTTCCA,76.94410066
CAGCTTTGACCGCGCGGCTGTGCTGCATGTCTGG,24.86915823
TCCTTTTGACCGGAGCAGGAACTGACAGCTGCAG,50.17857143
TGTGTTTGACCTCCCAGACATTATCGAGCTGGCC,92.92929293
CACCTTTGACCTCTGCTCAGCATCCACTTGACAA,23.32884122
GAGGTTTGACCTGGAGTTGCCTGATGGTAACCGG,99.7260274
TGGCTTTGACGTCGCGTCCGTGCAGCAGCAGCGG,0.023256392
TTCTTTTGACTCTAGGAGATGTCCCAGTTTTGTG,20.46783626
CAGATTTGACTGAAGAACGACTTGGAGACGGCAA,10.0456621
GTCCTTTGACTGGATCACAGCTTTTGAATTCTGG,31.88268685
TTACTTTGACTGGCATACCCCAGAGCGAGGAGGC,81.4229249
TGCCTTTGACTTCGACCTCATCATTTCCACCCTC,63.82411726
GCCTTTTGACTTGTTTGACAGGGCTTTGCTCCTC,55.32979576
CATCTTTGACTTTCATGCCATCAAGGGTTTGCTG,24.72924385
GGAATTTGAGACCACCCTGGACGATATGGGGAGA,100
TATCTTTGAGACGAGCCTTGTATTTATTCATTTG,99.6763754
GGGCTTTGAGAGTCCTGAGCCAGGCAGAGACGAC,69.89619377
CCTGTTTGAGATTGAGCTGCTTGACTTCCTGGAC,91.49612063
GGGCTTTGAGCAAGCCGAACGCCTTCCCTCCTGG,73.77415407
GCTGTTTGAGCACAAGTTCCTGCCCTACGCGCTG,92.35588972
TGTCTTTGAGCAGCTTCCAGCGTTTGCCCAGCCG,43.71015555
CTGCTTTGAGCAGTGCTGCCCCTGGACCTTCATG,69.98872007
CTTTTTTGAGCATCCGTGTCCGTCAGTACACCTC,48.35730104
CCTCTTTGAGCATGGCGTCCAGCTCGTCGTCCTT,49.88285113
GGACTTTGAGCGGACGCTGGGGCTAAGCAGCCCG,99.6460177
GGAGTTTGAGCTCAGCTGGGTTTTCCTTGTTGCT,62.26149155
CACCTTTGAGCTGGGAACCGAAGAGGGCAGTGTC,11.4416476
GATGTTTGAGGAGCTCAAGAGCCGTCTGGACACC,65.66523605
GGCCTTTGAGGAGGCGGGCGTGCTGCTGCTGCGG,-1.980982567
CTTCTTTGAGGCTGTGCTTCTTCCGCTCCGCTTT,42.87297315
GGACTTTGAGGGTTTCACCTGGCATCTCATAGTT,32.04747774
CACATTTGAGGGTTTCCCCGAGGCTCTCTGCCTG,33.66270919
GACCTTTGAGGTGGCTGAGGCCCCGGTGCCCAGC,43.42105263
GATGTTTGAGGTTCTCACTTTGCTCCTCTTTGGG,34.08859175
CTTTTTTGAGTGCCCCACTCATTGGTGCCCTGTC,69.38357441
CGGCTTTGAGTTCCGGAAGCACCTGGGGAATCCC,76.34246655
GCACTTTGATAAGCTCTCTGGCCTGTTTTAGGTT,85.05990689
GGCCTTTGATAGCTTCTTCTGCCTCAATTCGCTT,49.5622726
TTACTTTGATCCGGCCTCTCTTTGTCCTCGCTTC,45.22299862
TCTTTTTGATCCTGTTCTTCTTTCTCATCACTGT,24.07331565
TACGTTTGATCTCCACCTTGGTCCCTCCGCCGAA,58.58851189
CCTCTTTGATCTCCCCACTGCTCTTAGCTCGCTC,71.06298376
TTCATTTGATCTGTTTGATTCCTCCCAGGCAGTG,7.34297754
GTACTTTGATCTTTCTTGGAGCAGGTTCCTTCAT,7.306078358
CTGCTTTGATGAGTTCTTCCCTGTGTCCCATGTG,72.45484665
AGCGTTTGATGCCGAATATCAGCGAAATCCTCAC,64.18604651
CAGATTTGATGCGCACTCAGCTGCTGTGGCACCA,24.74513105
CCTCTTTGATGCTCTTGGTCCTGTGGGTGTCGCC,17.52610694
GCCATTTGATGCTGCTCCTTCTCTTGCAGGTTTT,53.28114949
TGTCTTTGATGCTGTTATGGTTTGCACTGGACAT,7.278532021
GGAGTTTGATGGCCACCAGTTCCAGAAGGCTCAA,85.46845124
CAAGTTTGATGGCCCTGCTCTTCCTCTGCCCAGT,62.1782422
TCGCTTTGATGGTACTTTCTGAGTCCCTGGCTGG,35.35619889
CAACTTTGATGGTGCAGCCTGTGCGGGTGGTGGA,48.92731715
CAGGTTTGATGGTGGCGGCTGCTGACCTGCCAGT,23.23809524
CCTGTTTGATTATGATCGGACTCGGGACAGCTGC,34.85540335
TGCCTTTGATTCAGTAGGTTCTTGTGGCTCTGAA,49.31163955
CAGCTTTGATTCCAAGGATGGTTCGGGATCTGCG,32.14285714
TGTATTTGATTGTGCTCAACAAGAGTCCATGAGC,37.90523691
TCCTTTTGATTGTGGTGATGGCCTATGATTGCTA,61.430686
TTGTTTTGCAAATTCACACTGCTGTTTCACCCAC,58.63282184
TGGCTTTGCAACGCCGCTCATCCTGGAAGTCTGT,56.41063486
CAGGTTTGCAATAGCAACCATAACTGCCACTGTG,99.61685824
TGCATTTGCACATATACATGTCCCCGTCCGTCCA,26.21118012
GCCATTTGCACCCAGCACCACCCGCAGGATGCTG,0.273224044
GAGCTTTGCACCGGCCTATGCTGATCTCCTCTCC,54.10336867
TGGTTTTGCACGAACACTAGCAGCTCCTGGGGAC,68.3077114
CTTCTTTGCACGAATGTCCGTTTCCAGCTCTGCG,8.21422618
GAACTTTGCACTAAATATGTTTGCTCGGTGCCCT,53.53368745
TCTTTTTGCACTCATTCCCCTCCCAGATTATTGC,47.32952661
GCCCTTTGCACTCTTCCTGCCCCGGGCCACGTTT,38.49206349
GTGCTTTGCAGAAGGACGGAACTCACAGAGTCCA,21.3592233
CATATTTGCAGACTTTCGTGTAGACACCAGGCTT,36.7781155
GCCATTTGCAGAGACATCCTCAGGATCCATGTTC,88.81074169
CTACTTTGCAGAGAGACTCTACTATGCCATGAAG,100
TTCATTTGCAGATACAGTGAATTCTGGGCATTGT,33.8518451
GGATTTTGCAGATGGGTCGGTGGGCTTCCAGCAC,57.55391158
CCTCTTTGCAGCAGGGCAGGCCCAGGTACAGAGC,43.92601151
ACCATTTGCAGCCAAATGTTGGTGGTTAAAACTT,69.7744903
AAGCTTTGCAGCGAGCTGCGACTGGACCTGAGTG,69.19698871
ATTCTTTGCAGCGAGGTTTGGTGTGTTGTGATGT,19.61102107
GGCGTTTGCAGCGCATCAGTTCGGGCGAAGACGA,48.93105658
CGCTTTTGCAGCTCCTCCAGGGAGGTGTCCTTCT,0
ATTGTTTGCAGCTTCACGACAGGGCCCGGAGCCT,55.6851312
GGAATTTGCAGCTTGGCTGAAATTTCTCTCCACT,20.0189496
AATGTTTGCAGGCCCTGTACCCCATCGGTACCAT,57.0008285
CATCTTTGCAGTGGGCAAAGGCTTCCCATGGGTG,37.73506629
CACCTTTGCAGTGGGCCCGGGGCATTGTTTGCAG,85.74126534
CGGGTTTGCATATCCTCCTGCAGGGCATGGCACT,64.24361493
TTGGTTTGCATCATGGTGCTGCCACTGCCATCTG,57.53703066
CAACTTTGCATCCTGGGGTGGCACCCCTGAGGAG,0
TTACTTTGCATCTCACTGTTGAGCAGACAGCCTG,87.66328012
TGAGTTTGCATGCTTAATAACATCTTTGGGACAG,-0.495049505
TCTGTTTGCCAACAATCTATCAGCGCTGCCCACT,77.14446953
CGCCTTTGCCAACAGCCTGAAGCCAGAGCAGGCC,27.50929368
CCCCTTTGCCAACCTCAAATCGTGCTGTGTGCCC,54.9356804
CTTGTTTGCCAACTGCTGCCCTTGGTGCCTGAGA,62.98995993
GTTCTTTGCCAAGCGGCAGCTGGTGACACTTTTC,41.48319815
TTTCTTTGCCAAGTTCCAACTTGTTAAGGATTCA,52.9028285
TTGCTTTGCCACATAATCATTGATCTGCTTCATG,57.19581087
CATTTTTGCCACCTACCTTCCTGATCACATGACA,74.24951088
CTCCTTTGCCACCTACTTCCTTTCCTACGCGGTC,45.0492183
GAATTTTGCCACCTCTCTTTATTCCATGATTAAG,26.32850242
GATATTTGCCATCATTCATTGCTCTGTCAAACTG,82.49386251
AATGTTTGCCATCCCCATAAACACAACTTCACAG,19.15708812
AACTTTTGCCATCCGATCTTCTTCTCTTTGCTGC,73.25690655
AATCTTTGCCATTCCAGTGCAGCCGACCCTGGCC,68.02721088
TCAATTTGCCCACCTGCTGCCTCCAGGATCAGCA,71.47610189
GTCCTTTGCCCACCTGTCTCTGGCCCCTTCCTTC,64.66614635
GTGCTTTGCCCAGGGAGAGGACAGGAGTGTGGGC,65.48667998
AGATTTTGCCCCTGAAAAAGCATTTACGTGATGC,92.09879793
AGGCTTTGCCCGAGGGGGTCTTGTTCCATCTTGA,61.53797396
TGGTTTTGCCCGAGTGGCAGCCTCTCCCTTCCTT,79.44523471
GCGCTTTGCCCGGAAGCCCATTTCCATCATCGGT,58.85328836
ACTGTTTGCCCTACCACCTCAGCCTGCCCCCAAT,52.04070675
ATCCTTTGCCCTAGTGGGACATTGTGGGTGACCT,33.88235294
CTCCTTTGCCCTCCATTTTTGACAATCCAAAGTC,4.162549523
TGAGTTTGCCCTGCAGCTGCTGGCACCTGGTACC,26.27428305
GAGCTTTGCCGATGAGGTGACCACATCCCCTGTC,88.89223291
CTTCTTTGCCGCCATCATCTTCACGGTGTCCGTG,18.58166061
CTCGTTTGCCGCTCCCCCCAAGGTCTCACCCCCC,66.31045821
CTTGTTTGCCGGCTGCGTGAGTGCTTAGAGCTTT,77.5614857
GGCGTTTGCCGTGCACTTACTCTTCTGTGGTCCC,72.32536686
TGGATTTGCCGTGGCCCTGCCCTTGCTGTTAGAT,46.61862491
AACCTTTGCCGTTGTCTGAGGTGGCGTCCTTGGC,73.52197839
CCGCTTTGCCTACCCCTCACTGCTGGCCAGCCAC,88.12690191
GCTGTTTGCCTCAATGGCGGAGAGTTACTGTGCT,38.65740741
CCTATTTGCCTCTCGAGGACGCTGGGGTGCTTGG,46.72125231
GCATTTTGCCTCTGGAAGCTTCTCCCCGGGCACT,99.74811083
TTACTTTGCCTGGTTGTTCCTGGACTGGAAGACC,95.47630142
CGTCTTTGCCTTCATCATCACCATGCCCACGTCT,75.95217543
CGGCTTTGCCTTCATCCAGCTCTCCACCATCGTG,85.72837449
CTACTTTGCCTTCCACCAGTTGCTGACACTTTCT,83.48433507
GCCCTTTGCCTTCCTCAAAGCGCTTCTTCTCGTC,61.67832168
GTCGTTTGCCTTCGCCGCCATCTCCTTCCTTTTA,87.55366658
GGGCTTTGCCTTCTCATCGTGGACGCCGGCAAAA,44.33546409
GAGCTTTGCCTTGAGGAGTTGGATGCAGCCATTC,76.2766032
AGTCTTTGCCTTGCACAAACCTATATGCCCGTTG,69.31137725
ACGCTTTGCGAACGCCGCTTCTTCTCCTCTTCCG,49.95560717
ACCATTTGCGACTTGATAATGATCCTCGCCTTTT,65.27588813
TGACTTTGCGCAGGCGAGTTCCTTGCTGGATATC,0
GGCATTTGCGCGCCAGCTGGCTGTCCAGGCTGCG,12.73796695
GACGTTTGCGCGGGTGACCACGGCTTACGGGTCG,0
GCTGTTTGCGCGGTGCTTTACCGCCTGTGGATTT,1.34921718
CAGGTTTGCGGCCAGCAGCACCGTTACGCGGTCG,41.02564103
GGTGTTTGCGGCCCTCTCTGTGCTGATGTACGTC,17.36203204
CCAGTTTGCGGCTCATGGCCTCTTTGTGGGCCTC,40.6383267
GACATTTGCGGGAAGAGGCTGATGGCCAGCGGCA,40.94616639
ACACTTTGCGGGACTGGTGTCAACAACTCGGTTT,18.45493562
CCTGTTTGCGGGCACGGAGCTCACGGACCTGGCC,0
GGACTTTGCGGGCAGTTGGAGGAGTGGGCTGGCT,29.62962963
CTGCTTTGCGGGCATGCAGACGGTTAAATGATTT,98.36601307
AGTCTTTGCGGGGTACAGCCTAGTCCTCTCCTCC,67.44036461
TCACTTTGCGTTTCTTGTGGTCCACTTCGGGAGG,33.46768335
GCTGTTTGCTACCTGCTCTGATGACACTACAATA,80.16528926
TGAGTTTGCTCCAGGGTTTGGGGTTGCGCAGCAG,11.63032191
CACTTTTGCTCCTCTGTGCCTTGCCTGCCGCATC,67.47740596
GTTCTTTGCTCCTGTCCAATCTGGTTGGGCAGCT,4.446788909
AGCCTTTGCTCCTTCATTGGTGAGGCCGCACTGT,8.647119342
GAACTTTGCTCGCTCAAAGCTGCTGCTGTCTGTG,30.04868115
GCTCTTTGCTCTCTCATGGTCTCCGGGCTCTTTT,32.84030015
ACATTTTGCTCTGAGAACTTTCTTCCCTGAGGTA,75.32137886
ATGTTTTGCTCTGAGGATTATACACATCACAGAA,65.13157895
AGCCTTTGCTCTGGCTGCGAAATACTATTCTGTA,50.97364037
GTCTTTTGCTCTGTAGACCACTCCATAGGTGCCC,63.11352449
TCTGTTTGCTCTGTCTGCAGTGGGCTCGGGATGA,43.38184338
TGTCTTTGCTGAAGCCTGGGGCCCCGTAAACCAG,51.29811996
TTCCTTTGCTGACATTGATATCCAGCCGTGGAAA,0
TTGATTTGCTGAGCTCTCTCCTGACTTCTTCAGC,79.08319736
TCTCTTTGCTGATGGCCTGGACCAGTGAGAACTC,69.52979221
GAAGTTTGCTGCACCGACTGGGAGGATCATGAAC,57.74278215
TTTGTTTGCTGCATCGGCGGATGCGACGACACCC,0
CTGGTTTGCTGCCTGGCTCAAAGTCTTCTATTGT,63.8576779
TACCTTTGCTGGAGGCTGTGTCTGCTGCGGCAGT,81.03390957
CGCATTTGCTGGGCAGGCGAACCCAGTCGTTCTC,25.18527506
TCCATTTGCTGGGCATCCAGCTGTGGCCATAGGT,39.41811356
ACACTTTGCTGGGGCTTCAGAGATGTTCTTGCTC,80.85427322
CAGGTTTGCTGGGGCTTTCACTCTGCGGCAGCGA,32.60340633
CACCTTTGCTGGGGGGAGACACTGACTGGGCTCC,57.2735234
TACTTTTGCTGGGGTGTCTCCTTCACTCCCAGAC,66.92355646
CAGATTTGCTGTCATGGATTCTAAGTCTGCGATT,65.11631683
GCAGTTTGCTGTCGTCTGTGGCTGCGTTGCAGAG,56.35199047
TTCCTTTGCTTAAGCTTCCGTGTCCAGCCTTCAG,32.57948417
CCAATTTGCTTCACGTCAAATTTATGACAGGGAG,21.82468694
TCCTTTTGCTTCAGCTGCTCATGCCTCACTCAGG,39.18179249
CACCTTTGCTTCCCTTCGTGCTCGAACCTGCCAT,27.99651813
CACCTTTGCTTTATCACCTTTAGCATCTCCTTTT,5.831265509
GCCTTTTGCTTTTAATTGTACATTCCCTCCCATA,10.1754386
CCTTTTTGCTTTTCCTGCTGGGCATTCTTCATCC,6.217913542
CATCTTTGCTTTTCTGCACAAAATCTGGGAATCT,0.418410042
CCTCTTTGGAAACTCTGAGGTATCCCTGCGGGAT,62.87878788
TGGCTTTGGAAGCTACGGATATGGCTCTGGCTTT,100
GTTGTTTGGAAGTTTCAGGTGGTTACGGTTTGCC,61.15023474
CAACTTTGGAATGTTTCATGACGACTATTCTTGC,74.31372549
GTCATTTGGACAGCCACCTGGTGTTGCTGTGCCG,77.6653003
ATGTTTTGGACATTTCCCTGGCATCTGTAGAGTG,45.5465587
TGACTTTGGACCACTTGTTGTGCCCGGCGGGGAC,32.1327283
CGTCTTTGGACCCACCCTTATGAGATCTCCAGAA,65.44585987
TTGATTTGGACCTGTTTTTCCCACCTCAGCCCCC,10.00149345
CACCTTTGGACTCCACATTTTCGTTCCAACATAG,10.46511628
CGTCTTTGGACTCTTTGTTGCCGCCAACAGTGGG,25.58141333
AGACTTTGGACTTCTTCTTGTCCTCCCCATCGTC,30.54679987
TCCGTTTGGACTTGCACTCGAAGAGGATGGGGGG,59.67851413
ATAGTTTGGAGACCTTCACTTACCTTCTTGCATT,85.98484848
AGGTTTTGGAGACGCTTTTGGCTTACACTCAATG,60.31390135
TGGCTTTGGAGCAGCAATCCCCAGATATTGCCCA,31.6972961
GAAGTTTGGAGCATGCGGAAGGACAGCTGCTCCT,99.75124378
AGGATTTGGAGGCAATTGGGGCAGGCTGAACTTG,23.45679012
GCACTTTGGAGGCCAGGGTCTCCGCCCCAGCATA,70.04886594
TGAGTTTGGAGGTGAGCTGCATGAAGATGGAGGA,100
ATATTTTGGAGTGTTACCCCTTGTCTTCAGGGCT,99.4051548
TGATTTTGGAGTTACATCCTCCCTGGTGCCCAAG,44.96949117
ATGATTTGGATACAACTGTCACACTGCTCCCCAC,74.81751825
GACGTTTGGATCTAAGAGGCCTTCCTTCGCCATC,33.02583026
GTGCTTTGGATGCATACAGCTTGCTCACAGCCTT,83.79006264
CCTCTTTGGATGCATCCAGGTCCCCATGGAGCAG,80.3611395
TTACTTTGGCAATGGCTGGATTCCTACCCTCATC,82.14956415
AGGCTTTGGCACCAAAGTTCCTGCTCCACGGCTG,28.47457627
CTCCTTTGGCACCAGACGAACCTTCTTGGCCCCC,44.98772673
CCTCTTTGGCACGCTGCACTTTGGCTTTCCTTCG,30.25438044
TTCTTTTGGCACTTAACACTGCCAGAAAGGCGGG,66.33165829
TGCATTTGGCATCACTGAGGGTCGCCTCGCCCTG,36.87380431
CATCTTTGGCATGGCTTCCATGGTGGCTTTCTGG,38.97577694
CACCTTTGGCATTCAGTTTCTTCTCCAGCCGGGC,16.92251739
GGTGTTTGGCATTCATGCAGATGTTGAGCAGCTC,47.22222222
TTAATTTGGCCACCTTCAATAAGCTCGTCTCCTA,91.45299145
ATCTTTTGGCCAGCTGACCCTGTGTCCCAGGAAT,46.59498208
ACCTTTTGGCCAGCTTATGCAGTTCTTGGATCCG,74.19354839
TAGCTTTGGCCAGGTTCTTGGGTGGCACATTTTC,46.32882883
CCGATTTGGCCATTGCCTCAACACAGCTGGTTCC,28.4023453
TTCTTTTGGCCCTCTCAGAACCAGCCGCCGTGCC,26.62548183
AGGGTTTGGCCCTGGATACCTCGGTGGCTTCCTC,92.59527609
TGGCTTTGGCCCTGGTGATCGGAGTCACCTGGAC,81.48894053
CACGTTTGGCCCTTCTTGGGGAATGTCCTTCCTG,73.75034489
CCGATTTGGCCGCCTGGATTGTGTTGTCAACAAC,82.46228683
TGTCTTTGGCCGTGCCAATGGACGGCCACTGTGC,0
TTGGTTTGGCCGTTGCCAGCTTGGTGACTTGATG,82.17291482
CCTCTTTGGCCTCCGGCTCTACCCAGCGACAGCC,12.02319693
GGACTTTGGCCTGGATGTGCCTGCTTTCCGAACT,68.44660194
GGAATTTGGCCTGGCATATTTTGTCCTGTCCTTG,92.54278729
TGCTTTTGGCCTTCCCATATGCTTTTCCCAGGAG,29.53440049
GGGATTTGGCCTTTGCTCGCACTTTGCCGCCCTG,50.08493079
TTGATTTGGCGCTCTGATGCCGATTTTGGCACAC,14.79046836
TGGCTTTGGCGGTTTCGGCTTCTGCTTCTTCCTC,44.52556484
CCTGTTTGGCTCCCCAACCAGGACGAGCCCCTTC,76.23331376
TGCCTTTGGCTCTGCTCTTTGCCCCAGCTGGGAG,57.54590237
AGAGTTTGGCTCTGGTAATGTCTCTCTGGCCACC,73.68591083
AGCTTTTGGCTCTGTGGGCGAGTGGCTTCGGGCC,39.45086705
TTTGTTTGGCTGCCTCCGTCTCCATGTCTCCAGG,87.26703192
GGTATTTGGCTGCGTCAAACAACTCATTCCGGGG,76.48785753
CCATTTTGGCTTCAGCTTGCAATTTCTTTTGCCT,79.4315632
CCTCTTTGGCTTTCTGACCACCTGGTTCCTGGGT,61.02415933
GAACTTTGGGAACAGCATGTCCAACACTTCGTGT,48.78706199
GCGCTTTGGGAACCAGGCCGATCACTTCTTGGGC,89.27388675
TGCCTTTGGGAATGACCGTGACCTTCACTGTCCA,100
AAGGTTTGGGACTCTATATTTTGACAGTTCCCCT,0
GTAGTTTGGGAGGTGGTGGGGTATGCGTGTCCCA,59.21985816
GGGCTTTGGGATCTGGACTCAAACTCTGCATTCG,56.29484671
TCGATTTGGGATTTAGGCATCGTTGTCCTTTATT,89.76109215
ATTATTTGGGCAGCCATGGATTCTATCCCAGCCC,86.04713101
CGTCTTTGGGCTGCCCCTGCCACTGCTGGTGGAG,51.25222209
CAGTTTTGGGCTGGATAGGAAGAATAGGTTCTGG,0.254452926
ACACTTTGGGCTTGGCCCCCTCCTCGTCCGCGCC,72.96481519
CCTCTTTGGGCTTGGGGTGCATTAGGGTGAAGGG,52.96803653
ATTGTTTGGGGAATAGCTTCTCAAGGGCAAGTGC,12.61595547
GGACTTTGGGGAGGGGCTTGGGTGCCCTCTGGGC,12.74826027
GTCCTTTGGGGATCTGTCCACTCCTGATGCTGTT,28.19305474
TACTTTTGGGGCTGGGGAGGCCATCCACTCTGAT,16.21785267
GAGGTTTGGGGGCATCGTGAGGCACCGGGTCCAC,73.0958231
AGACTTTGGGGTGTGGGGCTGGGTAGGCAGAACC,15.42216173
GGACTTTGGGTGACTCCAGCGTCCACTAAGCCTG,100
GGTCTTTGGGTGGTTGTCTGTCTGCACCGAGCAG,38.35485967
GGCCTTTGGGTTCATGACAAGAGTGGCCCTGCAG,0.22675737
TCTCTTTGGGTTGCTGTCCCCATCATCCAAAACT,54.04663923
ACCCTTTGGTATTTCCGGTTCCCCTTTATTTTGG,23.08851802
GGCCTTTGGTCACATCGAACACCTTGCCGTTGAT,89.23654568
CTGCTTTGGTCACCAACAGCAGATCCGTGAAGAG,97.64864865
CTGCTTTGGTCACCTCCAGCAGAACCGGCTCAGC,61.46119885
CTTCTTTGGTCACTGGTTCCTTGCCAGTGGGACT,20.3247409
GGAGTTTGGTCCAGCTGATGTTGGTGTATCCCTG,68.38432399
CTGCTTTGGTCTCTGGATCCCTCGTTCCCTGGTG,64.82285814
GGTATTTGGTGCCCACGGTGTACCAGTCAGGGCC,74.58890031
AGTCTTTGGTGCTGGTGTCCCGCTTGCCCTTTGT,75.16324429
CGGGTTTGGTGGACCATCCTGGTGTCCTTGGCTC,69.7419752
CTGTTTTGGTGGCCTCAATGCCTCCATTGTGGCT,82.89064164
CTGCTTTGGTGGTGACTGCTAATATTGGCCAGGC,77.57585775
TGGCTTTGGTGGTGGCGATGGTGGTCTCCTCTCT,65.29120705
CTGGTTTGGTGGTTTTCTTCCTGTTTCCGCATTC,51.39417675
GTACTTTGGTGTCTACCCGGCACTACAGAGCTCC,61.52716593
TAACTTTGGTGTCTGGGACAGTGATATTCTCATT,22.8
CCTCTTTGGTGTTGATGGGTGGTTGTTGGAAAAT,83.23006005
TCTTTTTGGTTACCAGATTCTCTCAGGATGGAGC,95.20208175
CCTGTTTGGTTGTAATGCATCCAGTTGAGCATGA,0
TTGCTTTGGTTGTTCGGCAGTTTGGTCAGCCCAA,53.50975675
GTTCTTTGGTTTCTCGGCTCTTCTGGTTCGGGGG,35.12564954
CTGCTTTGGTTTGTGACCTCCAGGCAGGACGGCC,47.81393408
CTCCTTTGTAAACACTGAGAACTTCAGGAACGCA,32.62903044
TGCTTTTGTACCAGCTTTTGGTGGTTGTTTCAAT,11.52703378
AGTTTTTGTACTTTCCACACCTGCTGTGATGTGG,56.97329377
CACCTTTGTAGAGCGGTGTCTCTCGGGATTTGTT,18.93939394
CCTGTTTGTAGGCATCGAGGAGGAAGCTCTTCCA,77.74816789
TGGATTTGTAGGCCACTCCTCGACTTTTCAGCTC,42.12678937
ATGCTTTGTAGTCGCCCCTCAAAACACCACAGCG,85.82434515
TACCTTTGTAGTTGAGGTAGTTATGGGGGATTCA,-0.029565065
ATCCTTTGTATCCTTCAGCCCATTCTTGAATGCC,49.74670719
ATTGTTTGTATTCTGTTTTTACACCTTTGTTTAA,-0.161550889
TGGGTTTGTCAAATTTAAAGACCCAAACTGTGTG,8.461538462
TGCCTTTGTCAACCGCGACCTATCCATCCGTGGG,14.21856639
CCTGTTTGTCAAGAATGCCATGTCCCTGCCCCAG,56.81201601
CAGCTTTGTCAAGATGTTCCCTGGAAACAGAGGA,60.06944444
TACTTTTGTCACACAACCTGTGCCCCACAGGCCC,94.99136442
TAAATTTGTCACTCTCACTCCCAATCCAAGGGTC,99.63043501
TTTCTTTGTCAGCAAAAGTTCCACGCATTTTTGA,25.01427989
CTTTTTTGTCAGCTTCTTGACTGAAGTTTTACCT,16.67080103
TTGCTTTGTCAGTGGGATATTGGTTGGGCTCTCG,14.18890337
CGTATTTGTCATGAAAATCAGGTGTACGTTTCTG,49.96390694
TCTTTTTGTCATGTATGTGGCCTTTGGTTCTCCA,40.46206681
CCGCTTTGTCCACGGCGAGGGTCTCCGCTGGTAC,33.76849434
AGTCTTTGTCCATGTCTACATCCACCACTTCGAT,0.066577896
AACGTTTGTCCCACCAGATCACCTCCCGCGTGGT,100
CAGGTTTGTCCCCCTGATCAGTGGGAGGATCTGC,15.94839325
GACATTTGTCCCCTCAATTCATCTCTGTCGTAGA,73.89162562
CATCTTTGTCCCCTTCTCCGGCATGTTTGAACGT,20.20156965
TGCCTTTGTCCGTCTGCACTTTGATGTACTCTCG,42.42226696
CAGGTTTGTCCGTCTGCCCGTAGCTAATCCACAG,55.51724138
CCAATTTGTCCTACTCCAGGCCGTATGGCCACCT,81.51041667
CATCTTTGTCCTCTGCAAGTTCTCCGTAAAACAT,77.48387935
ATCCTTTGTCCTTCCAAGCTGGATTGCCTGGGTT,64.4770128
CCATTTTGTCCTTCTCTGCTTCAGGGGCCTGGCC,64.49983912
CAGTTTTGTCCTTGTAGAAGAAGTTGTAGGCATC,85.88516746
GTCCTTTGTCGAAGTGGTCAGCCTATGGTTTGCA,29.53425815
ATTCTTTGTCGACTACAAAGCATTGTACTTTATG,76.8202765
GCACTTTGTCGTCACTGTATTCCTTGCACTTGCT,56.78094395
TCACTTTGTCGTCCTCAAGCTTGGGTCCGCTGTA,25.61118377
GGTGTTTGTCGTTGGCTTCGTGTTACCCAGTGCT,34.93193903
TTGCTTTGTCTACCCGCTGGACTTTGCTAGGACC,71.30285977
TCACTTTGTCTCCTCGATCCTCAGCAGCCTGAAG,63.24048647
CTTCTTTGTCTCTGTGCCTGAATCTACTATTGGC,5.855978565
TGCATTTGTCTGCGGGTCGAGGGGCCAGGGCGCT,6.875631951
TGAATTTGTCTTCACATTTGATTGCTTCCTCTGG,34.13607286
CCTTTTTGTCTTCCACCACCATACCATCAGTAGA,86.04282316
GCACTTTGTCTTCCCTTTCCATGAGCAGCAGCAC,7.066695681
TGGCTTTGTCTTGGCATTATGCACCTCCACGCCG,27.11442786
TACTTTTGTCTTGTCTATGTCAATAGGCACAGCT,49.35185185
AAAGTTTGTCTTTAACATTGTCAGCCTCTCGGGA,57.1749655
TTTTTTTGTCTTTACGCATCTGATTAATGGATGT,56.640625
TCCCTTTGTCTTTCCTTTTTCTTGTTTCTGGAAT,0.940796664
AAGGTTTGTCTTTGTCAGGCCCATGTGTGCTGTG,61.24529597
TGGGTTTGTGACCCCACTGACCTCCATGAGCATC,59.31677019
GTTCTTTGTGACCTGGTTGCCCTTCTTTGTGGCC,46.02979849
AGAATTTGTGAGATACTTTATTCTATTGCCTTCC,1.946472019
TGACTTTGTGAGCGTGCGCTGTGCCAAGCGCCGA,0.152905199
CTCCTTTGTGAGGATAAACAGCTCGTTGGCAGTA,0.464969303
TTCCTTTGTGAGGCTGCTGCTCTCTGAGATCTTC,76.03632742
TGTGTTTGTGATCTCTTCTGGGTTCAGTGAGGCA,96.10018997
GAACTTTGTGATGAGGTCCAGCTGGCTGTGCCCC,1.86850013
CTGGTTTGTGATGTGCCGGCTTGCACCGTCCTGT,15.6202144
GGGATTTGTGCAGCAGCATGGTGGCACCTTCTCC,55.45835394
TTGTTTTGTGCATAGACCATAGTTCCATCAAATG,100
TGACTTTGTGCTCTGTCCTTTGAATCGGAACTCT,18.43100189
GAATTTTGTGGAAAATTTTTGTGCCATTACAGGA,0.431034483
CATCTTTGTGGACATTGGGCTAGTGGCCTCGGGC,0.196850394
CCAGTTTGTGGCAGGCTGGACTCTGTTGGGCTCT,38.14439777
ACTCTTTGTGGGAACCACGCTTATCCAATTTGTA,78.8961039
TGCTTTTGTGGGCAACGTGACTCACTATGCCCAG,86.48696285
CTGGTTTGTGGGCAGTGGCTTTGTTGCGGCCTCT,21.68674699
ATCATTTGTGGGCTGTGCTGCTCAGTTTTTTTTC,4.78347889
GGGCTTTGTGGGTCCTGGAGTCTCCCTCCGCCCT,53.29748055
CTATTTTGTGGGTGCTCTGATTGTCCATGCCGAT,59.21325925
GGTGTTTGTGGTGGCGCTGGTGGGCATTGCCCGG,41.49552922
GGTGTTTGTGTACGTGGTCCACGCTGCAGTGCTG,50.94607652
CCAGTTTGTGTAGGTCAGTCTATTTCCTGTCAGA,75.63865961
TGTATTTGTGTGCCACGTTCAGAAGTTCTGTACA,57.27109515
GCAGTTTGTGTGCCGGGCCGATGGCGACCCGCCG,10.60606061
CCGGTTTGTGTGGTCTCCAAACATGTGGATGGTC,81.47566719
ACTTTTTGTGTGTCGGTCCGTTATTGCCTAAAGT,84.20454545
GGTCTTTGTTAAGACGGTCATCTTTGATCACCAT,17.84386617
GAACTTTGTTATGAATGTACATCGTGGTTCCATC,44.13978495
CCGTTTTGTTCGTGACCGGGCCCATGGCCAAGCT,36.75628369
TCTGTTTGTTCTTCTGTCTTCTTCAACAAGCTTG,18.18181818
TGTATTTGTTCTTCTTCCTTGGTGTGAGGGTGGG,-0.134985694
GGTCTTTGTTGACTGGCTTGGACTTCTTCTTGCC,27.94036257
CCACTTTGTTGCTTGTCTTACCCATGCTGCGTCG,33.5832887
CCTGTTTGTTGGGGAGTCTGACATCCGGGAGAGG,0
GGTCTTTGTTGTAGCATTTGCAGACTGTATGCTG,0
AGAGTTTGTTGTATCTTCTGCTCCATTCTGGCTG,57.16721875
GCAGTTTGTTGTCGGTCTTCACTGCTTGTTGAAA,80.56179775
TGTCTTTGTTTCAATCCCGTCACTGTGTAGTTCC,19.79304436
GGTATTTGTTTCACTGTTGATTCTGTCACTCTTT,28.46073416
GGTGTTTGTTTCCACCTGAGGTGTTCCAGTTCCA,48.43304843
GCCATTTGTTTCCGGTAGCGGCTGTAGCTGTCCG,22.90598291
GAGCTTTGTTTCTGCTTTGCCACCAGACTGCGGC,38.27893175
GGACTTTGTTTGCTGTGCCCTCTCTCCCCGTGGT,15.30696306
CCAGTTTTAACAACATCTCTCGAGCTTTCCTTGT,-0.170940171
TTCTTTTTAACACTTCTATCAGGCAGAGGAAAAT,0.238095238
TTTGTTTTAATCTATGTTCGTGTCTTTCGCAAAT,0
CACATTTTACCTGGGTACCAAGTACTCATCCATT,0
ACCATTTTACTGTGGTTCTAAGATTAGGCTGGCT,36.44604488
GACATTTTAGCCTATCCACCTGTGGTGGCTGGTG,1.773323053
AAGCTTTTAGGGTGAATTGGCTGTCAGGCACCTA,-0.297796307
ACCTTTTTAGTATCCTGCCTCCTCTTCTCCGCCT,62.18532575
TACTTTTTATCCCTTGTCTCCGGGTGGTGTTGGA,10.90833055
TGTCTTTTATCTGCTCTACCCTGGCTATGCCATG,9.523809524
TCTCTTTTATGAATTCTTTGATGTTCATTTAGCC,5.98200225
CTTGTTTTATGGCCTCCACAAGTTTTCTGTTTTG,0.197238659
CATTTTTTATGTCATGTGCCACCTCTGTTGAAGT,12.17244294
TGTGTTTTATTCGTCTTTTGGAATCTATTGGATA,0.135869565
GTAGTTTTATTGTGCTTGGCTGCGATCGCCTTGA,7.203956429
TGTTTTTTATTTCCAGTTTTCAGTACCTCATAGT,2.575970079
TTTGTTTTATTTGGCCTTTTTGAGAGCAGAGAGA,0
TACATTTTCAACTGGAACATAACATGTATAGCAG,10.65292096
ACTTTTTTCAAGAGATCACCAAATATCAAAGAAC,21.98275862
ATAGTTTTCAATGAGTACCAGAGAATGACAGGCC,40.26191581
TCCGTTTTCACACTGGTGGCCATTGCTGTGGAAA,-0.148809524
ATCTTTTTCACAGACTTGCCTTACACAGTTTCTT,0
CACCTTTTCACATGCTGCACGCCACACTGCCTGC,-0.165289256
AACGTTTTCACCATCTTCCTGCCTGCCAGCGTGG,10.95785441
TACCTTTTCACCCAGTTCCACTCGTGTAAATGTA,4.329371817
ATAGTTTTCACCTTCCTTCTGATTCCATGTTGCT,0.229885057
TACATTTTCACCTTTGATTCCAAGGGCTGTAGAT,0.102145046
AGGATTTTCACTACGCGGCACACACCCAGCTGCC,0
GAGCTTTTCAGCAAAATATGCAGATTTGTTCCTC,0
CACTTTTTCAGCAGTGGTCGCAGCTTCCACATGT,0
ATGCTTTTCAGCGCAAGCTGGAGGGCTGCAGGTT,0
GTCATTTTCAGGAAGTCCAAGGATGGGCGTGTCC,0.294117647
CATGTTTTCAGGCCCGATATCTCTCCCTATTTTG,7.853288264
TTGCTTTTCAGGGGTCCTAACTGCTTTCCCCTTC,-0.480046562
CTGGTTTTCAGTCTGTGTCTCTGGGTACTTCTTC,28.70018309
CTCTTTTTCATATTTCTTCTTCCATTCTTCTGCT,0.343007916
CCCATTTTCATCACGCTGGCTGATCTTTGATTGA,-0.598086124
CCTTTTTTCATCAGGATCTTCGTTAGCTGCTCTT,-0.153188572
CTCCTTTTCATCATCTCAGGGTGTCCAGCAGCCC,7.010710808
GTTATTTTCATCCAGACATCTGGTGGAAGCATCA,0
AAGGTTTTCATCTTCATATTCATCCCCGGCATCC,3.584391131
TCTCTTTTCATGGTGCTTTCGAATCTCAGCTGCC,2.602228825
TGGTTTTTCATGTGAATCTTTTTTCTGTAGCTTT,0.107412518
TTCGTTTTCATGTTCGTGGACATGGACAATTTCC,-0.194931774
CTCATTTTCATTCCTGTCCTTCACGCAGATTCCC,7.124724821
ATCCTTTTCATTCTTATGTTCTTCAAACCGGGCT,-3.561116458
CTTCTTTTCCAAAGTCTGATGTTGATGTCCCCTG,0
TTCTTTTTCCAACTTGGCCACATCTTCGGTGAGT,-0.061652281
CTTGTTTTCCACATCCTTCTCTTTTTCTTGTTCT,0.035201962
ATTCTTTTCCACCTCCATAGGAAGGGGCCTCTCA,0.473933649
CGAGTTTTCCAGTACGGAGTCAAAGTTGTACTTC,16.90909091
TTCCTTTTCCATAACCCGTGATACCAAACCGGTG,22.2578591
TGACTTTTCCATCCTCCTTACAGAAGATCTGGAG,27.93650794
TTCATTTTCCATCTTTCCTTGGTTTGAAGCCATT,3.482733038
GGCATTTTCCATTTCCCTGTGTCTCTCTTCTATT,13.82179062
GACATTTTCCCACACATTGATGAAACCTACCTGA,7.722122543
TCAGTTTTCCCAGCAACAGATGCTCCTGAGCAAT,42.42424242
GTCCTTTTCCCCACTGCAAGGGTGGTCTGCTATT,0
GATGTTTTCCCCCAGACCATTTGCCGTAATGTTC,29.69187675
CATGTTTTCCCCGCCACCATTCAATTCGCTGTGG,2.76842637
CCTGTTTTCCCCTCTTGGGGCCCTGGGACCACCC,-0.026200701
CTCCTTTTCCCCTTCCTCTTCTTTAACTTCAGGT,0.240847784
ATGCTTTTCCCCTTTGGATCTTTTTAACAAAATC,0
CACCTTTTCCCGATTTGGCCCCCTTCATAACTGG,0.357079769
TGAGTTTTCCCGGCACCTCTGCCTCTGGTGAGCT,10.75189712
CGAATTTTCCCGTACTGTCTATTTCTGAGCCCAC,12.37006237
GTGCTTTTCCCTGGGGCGGGGCGTGTGGCAAGGG,-0.015637846
TTGTTTTTCCGATTCTTCCTTCGGCCCGTGGGCT,9.261340174
GACATTTTCCGCAATGACGGTTCCATCATGCTTC,5.263157895
TACCTTTTCCGCAGCCTTCCACGCCTCAATCTCA,0.024513858
AGAATTTTCCGCATGACACTTTCGACGGTGTTGC,11.37427447
CCCGTTTTCCGCGGCAGCAGCTGGACTTGGAAAT,39.85177954
GCCTTTTTCCGCTATATGCGGCAGCAGTGCATCA,0
AGGTTTTTCCGGGCCTCGTCCAGCTTCCAGTTAT,35.0599133
CCGTTTTTCCGGGGCGTCCTCGCAGCAGCGACAA,30.36615756
CCGATTTTCCTCACATCAGGATGGTCTGAGAGTC,14.3006263
CTCCTTTTCCTCCAGTCCAAGTAGCGCCTCCGCA,0.233372229
GAAGTTTTCCTCGTACCACCCTCAGCACTTCGGC,51.86657004
GAGTTTTTCCTCTTCTTCTCTGGACCATTCTGTC,23.25582365
GAAGTTTTCCTGAGTGCCTATGATGACCTAAGTC,52.38440792
TACTTTTTCCTGCAACATCTGGCTCTCATTAATC,48.9911699
CGGCTTTTCCTGCAGCTCTTCCCGGGCTTTGGTG,22.85579663
GTGGTTTTCCTGGAGGAGATCGGGGACTTCGGGA,-0.815217391
GCTGTTTTCCTGGCACTCATCACTGTCATGTGCA,45.16349764
GCCTTTTTCCTGGTTCACGGACAGCGGCAAGGGC,28.10218978
CTGCTTTTCCTGGTTTCCCTCATCTTCCAGTTGT,13.89851408
CAAATTTTCCTTGGTTCTGTCGTTTCTTTGGCCC,20.04018186
ACTGTTTTCCTTGTTACTATTGCATTCGGTGATA,6.092436975
ATCCTTTTCCTTTACTGTCTTGCGTCTGGGTGAC,17.7852425
GCCTTTTTCGATCGCTTGATCATGCTGGGGTGGA,-0.049318624
AGCTTTTTCGCGCCCTCTCGGGACATGTACAGCC,0.139664804
TTCTTTTTCGGAGCTGTCAGTGTGTGTTTTGGCC,28.42712843
CCCGTTTTCGGATGTTCTTCTTGGCCAGGTAGAT,7.048052011
GCTCTTTTCGGTGAGGTGCTGGATCTCCAGTAGC,10.35968915
GGATTTTTCGTGTTGATGCTGCTGGTTCTGGACC,16.9403547
ACCCTTTTCGTTTCCGCTTGGTAGGCTTCGGTTT,0.210084034
CTGCTTTTCTACGGCACCATCATCTTCATGTACT,18.4644396
ATTCTTTTCTCAGTTTATCCCACATATCTTTCGC,0.019948274
GCAGTTTTCTCATGCTTTTCAAATCACTCCATCC,0.071477177
GAGTTTTTCTCCATTGTGAGTTCTCATATGTGCC,0
GCTGTTTTCTCCCTTCTTCACTTACAATTCTTTC,2.381778659
TGCCTTTTCTCCGCAGAACGGCCTTGGCCAGGTC,-0.572737686
GGGCTTTTCTCCTGGGTCCCCATCTCGGCTTGGC,6.458209895
TATGTTTTCTCCTTGTTCCCTGTATAATCTCTGT,11.99538639
CTCTTTTTCTCCTTTCTTCACGTGCACACACCTC,2.686174942
ATTATTTTCTCGGATCACGGAATGACCGACATTT,25.79025152
TTACTTTTCTCGTTCTGCTTGGCAGTCAGCATTG,-0.392541708
GCATTTTTCTGAACTCTCGTCTGCTCATTGAAGG,2.840059791
GCTCTTTTCTGATGATTCTGACCTGCAGTTAGCA,0.33557047
TGACTTTTCTGCCCAACTTCTGCTGGCATCTCCA,6.303673277
TCTTTTTTCTGCCCTTGGCCATCACAGCCTTCTG,2.10790639
CTTGTTTTCTGCTATGATTTTCTTGCGCTGTTCC,-3.954255565
GTCATTTTCTGCTCCAGGGACATGCTAGAATCTG,12.56863941
GCCTTTTTCTGCTTCTGCTGCATGATCTCCGAGT,8.944014642
GTATTTTTCTGGCATCTTCAAAAGGCTGAGCACC,44.60227273
TGAGTTTTCTGGCGTGTTTGTGGCCTTTATAATG,3.631532329
CATCTTTTCTGGGTCTCTTGTTTTTGAGGGCTGG,-1.330764089
TGGTTTTTCTGGTGTACCAATCGTCTTGGCCATG,11.50793018
ACTTTTTTCTGTAGTGCTCCCTGGCAATCTTTGG,30.25763265
CACTTTTTCTGTGACATCACTCCTGTCCTGAAGC,21.77498631
CTTCTTTTCTGTGGATTCATCATCTATGACACAC,0.029061319
TTTATTTTCTGTTCCATCCATCTCGATCATCAGT,6.898669218
TCCTTTTTCTTAAATTTCCCTTTTTTCTTCCCAT,-1.103819058
TGCCTTTTCTTCAGCGGGCAGGTCGTTCTGAAGC,-4.128577659
AACTTTTTCTTCCATGGAACATCTGCAGCTCTTA,1.091375044
GCTCTTTTCTTCCGACTGGACCTGGTGGTGTCTG,-3.577564745
GGCTTTTTCTTCCGCCGTTTGCTCTCGATGCCAT,4.033188319
GAAATTTTCTTCCTTCTCCCAGAATGTCCTATGA,7.798165138
GGGGTTTTCTTCTCCAACGGGGAGCGGTGGAGGC,7.024793388
ATCTTTTTCTTCTCTTGTATTTTCTTTAACCTGT,-0.123533045
TTTGTTTTCTTCTTCAACAGGTTCAGCGGGTCTT,-2.985721509
CCTCTTTTCTTCTTCTGCCCGTCTCCTCTCCTCT,1.697959085
CTTTTTTTCTTGGCTGCTTCCTCAGCCGTAGAGG,-0.344889755
TGCTTTTTCTTGGGCTGTTCCTCCTCTGACAGTT,6.898067949
CTACTTTTCTTGTCTTTTGCAGATATGTTATGCT,1.673773952
TGCCTTTTCTTTACCCAAATCAGAAGCCATAACA,0
CTTTTTTTCTTTATTCTGCACTTTTGGGTCACAA,0
GATGTTTTCTTTCTGCCACTATTACTATTTTCTT,2.729941367
ATGATTTTGAAGAGAAGAGTCTTGTCATGAACTC,38.93442623
AGACTTTTGAAGAGCGCCTGATCCTCAAAGCTTT,13.32398317
CCGTTTTTGACCAAAGACACCTGAACATTCCTGG,82.64642082
TTGGTTTTGACCTCCACCTCCTGCTGCAGGGATG,46.60225744
CTTGTTTTGACTATGTGTGTTTCTGCCGTCTTAG,0.181488203
TGCCTTTTGAGAATCTCTATGGGCACCAGATGCC,-0.209643606
CATTTTTTGAGACAGTACACATCTACCTGAGAAG,26.29482072
TCGATTTTGAGGAACTGGCTTTCTTGTGTGCTGG,30.81394475
TGGATTTTGATAATTCTTTCCTCAATGGTTCATA,0
TCAATTTTGATATGCCTTCAAGTATGGATGAGTA,60.36446469
GCTCTTTTGATCCTCAGCGTCGTGCCCGAGAAGC,4.921323043
TGCATTTTGATGAGTTCTGCGGCTGGGTTCTTGG,0.753279629
CACATTTTGATTTATCAACACATTTCTGCCTTGG,6.715563755
GGCTTTTTGCAGTTTCCCATCTGTACCAGTGTAA,3.262411348
AACCTTTTGCATGTATCATTTTTTGAAGGGTCCT,5.633802817
GCATTTTTGCATTTCCACCACTCGGGGTCGTTCT,20.64037493
GAACTTTTGCCATGTATCTTCTCCCATGAAATCT,16.21713798
CGGATTTTGCCCTCGATGCCCTGGAAGATGACCT,3.660565724
TCCGTTTTGCCTTATCCATTCTCCTGTGTTATTC,43.57787996
TCTGTTTTGCCTTATGGATTCTTCTTCCTGGAAG,18.69323285
ATCTTTTTGCCTTTCAGATCCTGCTAAATCCACC,23.32824517
CTTCTTTTGCGCTTCAGCCTGCGCATTCGCTTCT,0.036361112
TGCCTTTTGCGCTTCGATGGCCGCCGACGGTGTT,11.13944272
GCCCTTTTGCTACCAGATCCCCGCTTTTCATCTT,21.28205128
GATTTTTTGCTACTTTCATTTCATTCTCCACAGT,0.955414013
TCATTTTTGCTCAGCTTTTTGTCTGGAGGGTGAG,-0.11311615
TGCCTTTTGCTCTGGGGGCAGGGGCTTTCGTCCC,-6.341384903
TGAGTTTTGCTCTTCCTTCAGTTTCTTCTTAATA,6.361520559
CCTCTTTTGCTGCCAGGTGTGCGGGACGCTGCAG,-0.085039502
GATTTTTTGCTGCCCGAGGAGCTGCATCAGGAAG,21.28603104
TTCCTTTTGCTGCTCCTCCCTCTGTCCGGAAGTG,7.231631482
TCCATTTTGCTGCTGTTGGCACCCTGAAAAGCTG,-1.330545259
CAGGTTTTGCTGGCTGCAGGACATCCCCGAAAGT,56.20328849
CGCCTTTTGCTGGGTCACACTCAATCGTTCTTTG,14.77178423
GGGTTTTTGCTGTGCGGACTGGAAAGTACAAGGC,48.15806879
TACCTTTTGCTTCAGCTGCAGCACGGTCTGCTTC,45.77830408
GCCATTTTGCTTGGAACTGGGGCTGGGGTCTCCA,0.454545455
TTGGTTTTGCTTTTGGCCTTAGCAGCACTCAGTC,0.647249191
CACATTTTGGAAAATTTCCTTGGCCTCCTCGAAG,23.47670251
CCAGTTTTGGAAGGACCCACACCACCACCAGACT,46.67200918
ACCTTTTTGGACCGCCCTATCCAAATGTGTTGTC,22.22222222
GCTCTTTTGGAGAAGTGCGCCAGGGCCGCCTGCA,16.37931034
CTTTTTTTGGATGAGCTCTCACTTCCACTTAACA,59.62059621
TGCATTTTGGATTCGCTCCTTTTCCCTTGGATTG,5.239327296
ATTATTTTGGCCCCTTTTTTGTCATTGAATTCCA,-0.135135135
GTATTTTTGGCCTGTACATTTTCTTATTCGATGA,-5.089737955
CTCCTTTTGGCTTTTGAGTACGTTTTGACACAAC,2.865064695
CAGCTTTTGGGACAGGTCCTTGGGTAGCACTCGT,13.04722868
AGAGTTTTGGGACCACTGTCTCTCCGTGGGTGGT,5.994152047
ACAGTTTTGGGAGCAATCATTTGGTTCCTGTACA,0.16006216
ATTGTTTTGGGATGGCAGAGAGGTCACAGATTCG,59.01639344
GTGCTTTTGGGATGTCAGGACTCCCCCAGGCTGA,0
ACAGTTTTGGGCAACCTCTGACCTTTGGTGTAAG,8.025788535
TGCCTTTTGGGCAGCTGATGTCAGAGTTTGGTGG,15.58073654
AGCCTTTTGGGCGAGGAGCTGCCCCCATTCTCAG,0.164473684
CAGTTTTTGGGGTCTGTGCACTGGAAGTGGCGTG,30.84577114
TCTCTTTTGGGTTTCAGGAAGCAACACTCGGCCC,4.809143564
AAGTTTTTGGTACTTAATCAATAAGTGCATGGTA,36.33633634
AATTTTTTGGTCTTGTAACAGGAGCCCATGAGGA,36.14369501
GGTCTTTTGGTGGGCCTTGTGCTTCGGTATGGCA,14.81192287
GGGTTTTTGGTGTGCACAGGGCACTGTGTGGGTC,28.86948638
CCCGTTTTGGTTTGGGTGCAGCAGGTGGGGTGAT,-0.29154519
AACATTTTGTAAGCTCAACATCATACCCAGTTCT,15.19916143
CTTCTTTTGTACTTCTTTTTCCAGTCATGTGATC,-1.953022338
ACAATTTTGTAGGCAGCAATGGGCTGGGCTTCTG,6.090510367
TTCATTTTGTAGGTCCTGAAGGAATGAACCAACT,55.43766578
AAGATTTTGTATAGCCTCATTCAGGCTAGGCTGT,0
CTAGTTTTGTCCATCATGGAACTGTCCTGGATTG,49.20512965
AGCATTTTGTCGTGGCCCGGCGGACCGTAGTTGG,15.64406172
AAGATTTTGTCTGGCGTGGAGTAGGCTCGAATCC,0
TACTTTTTGTCTGTGTCTGGGAACTACCTGCCCA,68.21501917
GTGCTTTTGTCTTTCTTTGGACCATATCCTGAGG,25.5872569
GCTCTTTTGTGACAGGGACGGCTTGTTGCGGGCA,-0.335868742
TGTATTTTGTGCTCTGGCTGCCCTCATCTAGCCC,18.69153418
TAGCTTTTGTGGATTTCTGTTACTCTTCTGTCAT,9.418282548
CCCGTTTTGTGGCCAATGATGGGGTCGTTTCTAC,24.44633731
ATTCTTTTGTGTACTTTCAGGGAATTTAAACAAG,12.90884284
AGGATTTTGTGTTTTATGCACCTCGTCTGAGAAT,0
ATTCTTTTGTTCCATAGCCAACTGCTTCTCAAGT,-0.268519788
TTTCTTTTGTTGATTGTTCCAAAATCAAATTACT,0.170357751
AGGGTTTTGTTGCAGCGAATACCCCATACAGTTG,56.32025669
ATAATTTTGTTTCTCCCATAAGTTTTGGTTGCCT,0.08841733
CGAGTTTTGTTTCTTCCTTGGGGTTGTATCTGCA,0
TGAATTTTGTTTTCACTGGAAGAACACCCGACTC,1.687763713
GATCTTTTTAATGTGCTTTCTTTTCCAGCCCACG,0.660913082
GTCTTTTTTACCTCTGACAACCCAGTGCATTGAC,-0.026482233
CCTGTTTTTACTCCCTGCATACATCATCTGTTGT,30.39215686
CACCTTTTTAGCTATTCTGGCCACTCACCACTTC,0.022875957
TGGATTTTTAGTATCCAATAGCCGAGTCATACAA,8.131487889
CAACTTTTTAGTCTTCCGTGTGTCATCAGCCAAG,-0.265251989
TTTCTTTTTATCAGTTATGGCTTATGATCGGTAC,-0.291120815
GTGTTTTTTATTTGCTGTGGAATTCCTGTTTTTT,31.71940785
TTTCTTTTTCAACTTCCTTTTCTTCTTTGCCTCC,-0.68971603
CTCCTTTTTCAAGTTCATGTCTGAATACGGGCAG,0.230414747
TTCCTTTTTCACATCCTCTCTTTACAGATCTCAA,0
TATATTTTTCACCCAAGAAATTTCGGATTTCAAC,0
TTCTTTTTTCACTTTGGTGACAACATTCTGAGTT,0
GATGTTTTTCAGCAGGTGGTCGTCAGAGTTGCTG,0
CCTGTTTTTCATCAGCCGCTGTTATTGCAACTAT,19.44788644
GTCCTTTTTCCAAGATCATGAAATGCGTGTTGTC,0
TTCATTTTTCCACTGTATTTAGGGTCAGAAAGTG,0
TTCATTTTTCCAGATGTTTTATATGATTTGACAG,0.093962885
TTTCTTTTTCCCAGGTTAATATTTCTACTGCATA,21.34433962
AATTTTTTTCCCAGTTCTTTGCTTCTTACTGACT,-1.333963198
TTGGTTTTTCCCATTGTGAAACTTCTGTTCGACA,0.223713647
ACCTTTTTTCCCTGTAGTTCCCCAGCCGATTACC,0.248611303
CTCCTTTTTCCCTTCAGATTCAGTGACCACTTCC,-1.809983939
GCGCTTTTTCCGGGTGGAGCGAGCGTGGATCCAG,-0.350650051
CCAGTTTTTCCTGCTGACCCCGGTTCCGCTGAGA,10.47851959
TGGATTTTTCCTTCAGGTAGGGCTTCTCAGCTGA,4.812834225
AGGATTTTTCGGGATTGTCACCCTACGAAAGGAA,65.58219178
TTGCTTTTTCTAGCAGGTCCTTTAGAAAGTTCTG,-0.227272727
TTACTTTTTCTCCATCTGAAAAGAGCAGTTTAGC,0
TTTCTTTTTCTCCCCCAAATCGATCTCCAGCCAC,6.435643564
TTCCTTTTTCTCTTGTTCTACACCCTTAAGGCAT,0
TTATTTTTTCTCTTGTTTTTTTTGCTGACAGTCT,-0.183038438
ACGGTTTTTCTGAAGGCTCCAACGTGTACTGGTG,20.94428922
TTGTTTTTTCTGCAGGTCTATCTTTTTATCTCTT,0
TCCCTTTTTCTGGATGAACGAGACAGTGGACCAC,6.168457979
TAGGTTTTTCTGGCATTGTCTGCCCAGCTGCTCC,11.57231419
CCTATTTTTCTGGGTGGCTGGCCTTACCCTTCTC,16.15777165
TCAGTTTTTCTGTAACATATAGCAGAAATTCATC,33.33333333
CCACTTTTTCTGTGATGTCTCTCCATTGCTCAAC,0.757396743
CCATTTTTTCTGTGTCTTCCGCCATCACAAACTG,33.22485832
AGCCTTTTTCTTCCCTTTGGCACTGTGGTTTCTC,-2.180686103
CAACTTTTTCTTGATCCACAACGCTTAGTTTCTG,16.14876792
AAACTTTTTCTTGCGGCCCTCCATTCCACTCAGT,4.453716638
CCCCTTTTTGACCCAGAAGTGGTGCCATACACTG,1.636816343
TCCTTTTTTGAGTCTCCTTTCTGAATCTTCTCAA,10.12688983
TACCTTTTTGCAAATCTGTTTCATTGTGACTTCT,0
CAGCTTTTTGCAGTGGACTCAGGCAATGATGTCA,0
GGCATTTTTGCATTTCCACCACTCGGGGTCGTTC,0.205761317
TGCCTTTTTGCCAGTGCCGATAGCCAATGAACAG,0.148367953
GCCATTTTTGCCTCTTTTCCCTCCTGCAGTTTAG,0.201941923
CCTGTTTTTGCCTGGAATGTACCCGTGCTTCAAG,7.492507493
ATAGTTTTTGCTGTCTCCTGGATGTCTCTCCTAT,25.04094844
AGATTTTTTGCTGTTGGTGAAGGCCCTTGAAGAC,0
TCAATTTTTGGAATGCCTTCTTCATTTTTTCTCG,-0.19047619
GGCATTTTTGGACAGAAACTGGAGGATACTGTTC,36.40350877
GAGCTTTTTGGAGCGGCCGCAGTCGGTGTGCCTC,0.035750902
AACTTTTTTGGCATAGCTGGGACCCTCTGAGCCC,-0.228832952
GACATTTTTGGGTCTCCGGTCACTGCCACTTCAC,-6.988241055
ATGTTTTTTGTCAGCCTTGTGATTCTCTTTGGTT,12.43003281
TTGTTTTTTGTCTTTGGAGTCCTTTCCTTGATGT,7.517483441
TATCTTTTTGTGAATATCAATGTGACCTCTGAGC,3.107418878
GTGTTTTTTGTGGGCATGGCTCTCTGGGGAGCCC,-0.025379837
TGGATTTTTGTTGTGGCTTTTTCGAGTTCCTTCT,0.001300214
CTTCTTTTTGTTGTTGTGCCGTTTGTGATACTGC,7.887559338
TAGTTTTTTGTTTAGGTGATAATGGTAGCTTGCC,3.801302811
GTATTTTTTGTTTCTTTGGCTGGTCTGGGTCCTA,-4.867906681
AAAGTTTTTTAATTCTAGCTTCATCCTTCTGGTA,0.182481752
GGTGTTTTTTCAAAGCTGCCAGTTGTTCTCTACT,0.16025641
TGTATTTTTTCATCTCCCAATTCTTGACTATTAA,0.125
CGTCTTTTTTCATTTTCATATTGCAAATCTCATG,-0.8
TTCTTTTTTTCCCTTGGGTTTTCTGTGTCTGCTC,-1.065693915
GCCATTTTTTCTAGTCCACTGTCAGAATCTCTCA,0.275095113
CAACTTTTTTCTCCACGCTGTGCTTACTGCGCTG,0.351468533
CTCTTTTTTTCTCCTCACACACTTGACCACCATC,-0.400529777
TTCTTTTTTTCTTGTTTCTTGAACGACTGGTCTT,6.309853394
CACCTTTTTTGATTATGATTACGGTGCTCCCTGT,0.117943846
CAGATTTTTTGCTGTTGGTGAAGGCCCTTGAAGA,0.120192308
TTTCTTTTTTGGCATTGCGGAGCTTATACATTCC,0.330033003
CTGGTTTTTTTGCTCCTTCTCGTTTTTCACAGCA,-6.444774221
CTGTTTTTTTTTCTTCTTCCGGAGTTTGCCACTT,0.19436346
