34 bp sequence,Indel freqeuncy
TAGATTTAAAAACCTGACCTGCTCTGTGTCCAGC,3.07692308 
CAGATTTAAAAGGTACACCATGTGACCATGAAGC,6.32318501 
AGGATTTAAAAGTGGACGTTCCTCCGGTGACAGC,39.80582524 
CTGATTTAAAAGTTGCTCAAGGACAACAAGTAGC,18.63979849 
CAGATTTAAACACCACGTGACGTCCATTTCTAGC,24.17177914 
AGGATTTAAACACTACCATCCATGGGTGTGAAGC,0.74211503 
ATGATTTAAACAGCGACGTGGAAGTCTGTGTAGC,23.62204724 
ATGATTTAAACATCTTAAGGTGGTGTGGACAAGC,12.75483107 
ACGATTTAAACATGAGGACCACCACGACGACAGC,95.03546099 
TCGATTTAAACCAGGAAAGGGAAGTAACTTGAGC,29.09836066 
CAGATTTAAACCCTTCGTACAACCTGTCCCGAGC,15.91695502 
CTGATTTAAACCGGTACCACTACCACCCCTCAGC,78.14978859 
ACGATTTAAACCTCCTCGACCACAATGTCGGAGC,18.76606684 
ACGATTTAAACCTCGTCCGCCACGACTACCGAGC,-4.09265619
GAGATTTAAACGACAAGACCAACAGGAACCTAGC,8.36231884 
GAGATTTAAACGAGACCAACATCATCGGCTCAGC,47.32824427 
GTGATTTAAACGCTCTTCCAACATCCTTATGAGC,23.47839251 
CGGATTTAAACTACGAGCGCTTTGTGCCCCGAGC,-7.32600733
CGGATTTAAACTCGGCATTCGAGCGAAACTGAGC,9.64467005 
ACGATTTAAACTTCTTCTCAGTTCAAGTAACAGC,20.00000000 
TGGATTTAAAGACCTGTGTCTTCAGAAACAGAGC,26.28075837 
AGGATTTAAAGCACGTGCTCTCAGGCACCCTAGC,-0.08824814
TGGATTTAAAGGACCTTGATATAGGGCTGGTAGC,79.82456140 
GCGATTTAAAGGGCTGTGTCTGAAGGTGCAGAGC,46.15384615 
TAGATTTAAAGGGTCCTCGTGAAGGAGGAACAGC,3.93518519 
CGGATTTAAAGGTACACCATGTGACCATGACAGC,45.48494983 
TGGATTTAAAGTAACTTGTCTGGGGTCTTGGAGC,31.75355450 
ACGATTTAAAGTGATTGAGACAGTTGTAGTGAGC,-0.33222591
ACGATTTAAAGTGCTCCAGCGCCACCACCTTAGC,0.00000000 
TAGATTTAAAGTTGACGGTCCAGTCCCACTAAGC,26.38036810 
CTGATTTAAAGTTGCTCAAGGACAACAAGTAAGC,61.86440678 
CGGATTTAAATGACACTCAGGCTGCTGTTCTAGC,10.00000000 
TGGATTTAAATGCCAGCCCATCAGTTTCTGTAGC,68.38709677 
ACGATTTAACAAAAGTAGTCGCCCTCATCCTAGC,0.00000000 
CTGATTTAACAAAGGACCTGTCACCGCCCCGAGC,23.42342342 
ACGATTTAACAACCTTCTCGCAAAGGAATTCAGC,7.06860707 
ACGATTTAACAACGACGACCTCCTCCTGTCCAGC,17.84184953 
CGGATTTAACAAGTTAGAGAACCTTTCACGTAGC,0.00000000 
ACGATTTAACACACTGCTGCCCCCGACCAGGAGC,23.19510637 
AGGATTTAACACACTGTCAAGACGTCGGTCCAGC,30.00000000 
CTGATTTAACACCATCCCACCCACAGTAAGGAGC,17.58010979 
CGGATTTAACACCATGTGACCATGACCATGTAGC,26.17067145 
GAGATTTAACACCTTCCTCTACTCCAGCGGTAGC,35.01645171 
GAGATTTAACACGGGGACCGACTCCCACATCAGC,65.30306225 
CGGATTTAACACGTCGTTACATAAAGGACCCAGC,23.82495948 
ACGATTTAACACGTGTTAGTAGCGTGACAGTAGC,0.00000000 
CTGATTTAACACTGGGTAGTGTCGTCTGGACAGC,4.20841683 
ATGATTTAACAGACAAGCTGGTCAAGTGTGGAGC,-0.33783784
GAGATTTAACAGAGATGGATCCCAGCAGACAAGC,46.75925926 
ATGATTTAACAGCGACGTGGAAGTCTGTGTCAGC,19.93670886 
TCGATTTAACAGGAGGAGGTCGTCGTTGTTCAGC,55.58546638 
AGGATTTAACAGGATTGGCTGCAGTGACAGGAGC,14.18899453 
CGGATTTAACAGTGAGACCGCGACTTGTTGTAGC,37.18803787 
CAGATTTAACAGTGCCTGGGGCCAGGCCCGCAGC,0.23923445 
TGGATTTAACAGTGGTGTCGATGACCCAGAGAGC,0.00000000 
TCGATTTAACATCTCCTACCACGGTGGGGTCAGC,30.13698630 
CGGATTTAACATGAGGACCACCACGACGACCAGC,30.71060083 
TCGATTTAACATGGACTCGGATGACGGAGAGAGC,18.55670103 
GTGATTTAACATGTCCCTACGGGCCTTAAGGAGC,25.88541667 
GTGATTTAACCACCACCAAAACCGGGAGCACAGC,0.00000000 
CTGATTTAACCACCACTTCAACCGATCCCATAGC,53.74149660 
TGGATTTAACCAGCCTGCTCCCACTTGTGTTAGC,54.12026726 
TCGATTTAACCAGGAAAGGGAAGTAACTTGTAGC,31.36363636 
GTGATTTAACCCAAACACCGAGTTTGAAGACAGC,6.22222222 
CGGATTTAACCCAGCGTTCCCAGCAGGTATGAGC,18.26258638 
TGGATTTAACCCCACCTATTCGCACTACAACAGC,48.06201550 
CTGATTTAACCCCACTAATACTCGTGGCTCCAGC,36.40167364 
TCGATTTAACCCCGTAGGTCCGCGTGTGACGAGC,21.87517725 
CGGATTTAACCCCTAGGGTCATCCTTGTTGAAGC,65.95744681 
GCGATTTAACCCGACCTTTAGACGTCTTTCCAGC,68.54503997 
ACGATTTAACCCGCAGCGGTTGGGGCAGCGCAGC,0.00000000 
ACGATTTAACCCGCTATCGCAACGTCATCTGAGC,11.02141644 
ACGATTTAACCCTATGGGCTCGTGTGCATGGAGC,7.94788644 
CGGATTTAACCCTTGCCCAGTACCTGAGAGCAGC,45.11902254 
GCGATTTAACCGACGTCTTGACAGTGTGTCCAGC,35.12977972 
TGGATTTAACCGCGGCCGCAACTTCAGACCGAGC,24.28571429 
CAGATTTAACCGGGCGGCGTTACCGTGACCCAGC,34.66894822 
TCGATTTAACCGTCGGGGGCCGGAGCCGCGGAGC,0.00000000 
GCGATTTAACCGTGAGATCTTGGGCCGGTGAAGC,14.96873497 
CGGATTTAACCGTGGAGTCAAAGGTCGTCTTAGC,27.90697674 
ATGATTTAACCTCGACGTTATCAGTGACCTCAGC,56.18479881 
CAGATTTAACCTGAGGGTGCTTCACGACGACAGC,0.00000000 
ACGATTTAACCTGCACAAGCCGGCCCCGCCCAGC,57.12653289 
ATGATTTAACCTGGCAGACACACGACCGCCGAGC,51.20967742 
TGGATTTAACCTGGTTTCATTTCGCACCTTAAGC,3.96785892 
CGGATTTAACGAACACCATCTATCGTTGCTCAGC,39.58743727 
ATGATTTAACGAACCGGTCATAAGACGCGTGAGC,28.53327228 
GAGATTTAACGAACTTATGCAGGAGCCTGTCAGC,22.72727273 
GCGATTTAACGAATAACGGAACCACCACCAAAGC,62.03007519 
CGGATTTAACGACCAGTGCCCAAAACAGCTTAGC,27.63816599 
CAGATTTAACGACCATAGGTGGCACTACTGGAGC,10.49723757 
TAGATTTAACGACCTTCCGGACCTTCGTCTCAGC,15.73472042 
AGGATTTAACGAGACCAACATCATCGGCTCGAGC,28.26086957 
TGGATTTAACGAGCCGATGATGTTGGTCTCGAGC,-0.10850262
CGGATTTAACGAGTGTCCGGGTCCTGTGTCTAGC,12.10251394 
CGGATTTAACGATGGTGTCGTTGGTCAAGACAGC,17.74668630 
TCGATTTAACGCGGGAGCGGTACGTGTGCTCAGC,4.13823896 
AGGATTTAACGGCCTCGGGTGTCCATTCTCCAGC,64.67099973 
TGGATTTAACGGCGGCGGCGGGCGGGCGGCGAGC,0.00000000 
GAGATTTAACGGTCTCTGAAACGTCGCATGGAGC,23.34096110 
ATGATTTAACGGTGGTCGGGGACAAAGGACCAGC,24.86920126 
AGGATTTAACGGTTGATGCTCGCGAAACACGAGC,37.81056466 
TGGATTTAACGTAGCCGACTTCCATGTACCGAGC,0.80788177 
GTGATTTAACGTCCACTTTGCCTGCCACGACAGC,14.97712424 
TGGATTTAACGTGCGACGAGGACGACAACCGAGC,29.46706720 
ATGATTTAACGTGGAAGAGGAGGAGAAACCCAGC,47.30769231 
TCGATTTAACGTGGAAGTCTGTGTCGGGAATAGC,24.78632479 
GTGATTTAACTACTGGCCCTTCGGGTAGACGAGC,15.74363992 
CAGATTTAACTCGTAGCATCTGCGGTCCTCCAGC,64.41424236 
GTGATTTAACTCGTCGGACTCGATGAAGTTCAGC,15.35087719 
TGGATTTAACTCTCCACAGAACTGGTTGCTGAGC,5.45454545 
TCGATTTAACTGACGGCCGACGCGAAGTTGTAGC,37.26241716 
ACGATTTAACTGGACCGTCAACTTACCCCTCAGC,64.44672312 
ACGATTTAACTGGGATTGTGGTCTGCCCCCAAGC,61.65517241 
ATGATTTAACTGGGGTGTCTTTGACTACCCGAGC,0.00000000 
CGGATTTAACTGTGAACCTTAACCTCGGTGAAGC,31.60317460 
CAGATTTAACTTCCATGCCTCCACGTACCATAGC,66.01732483 
TCGATTTAACTTCCGGCTCAAGTTGTAGTGCAGC,19.45945946 
GTGATTTAACTTGACCCCTCAAGAACAGCATAGC,61.17216117 
GTGATTTAACTTGGTGAGGACGAGACCAGAGAGC,47.34042553 
GAGATTTAAGAAGTCATCAACTGTCTCATCCAGC,54.00843882 
TGGATTTAAGAAGTGTAGCACACTGGTACTGAGC,54.16666667 
GCGATTTAAGACACCGATGTTGTCATTCGAGAGC,0.00000000 
TAGATTTAAGACAGTGTCCTAACCGACGTCAAGC,28.26086957 
TGGATTTAAGACCTAGAGGTGAACTGGGACTAGC,-0.35714286
ATGATTTAAGACCTCCGACTTATGGTCCATCAGC,18.67104147 
CTGATTTAAGACGGGAGCCCTGTGGACGTTCAGC,51.61301989 
TCGATTTAAGAGACTACCTACACTACCCGTGAGC,61.56490424 
CTGATTTAAGAGCACGTGCTTCCTCTTCTCTAGC,50.05235602 
TAGATTTAAGAGCGTTTCCTTAAGGCCCGTAAGC,4.40251572 
TGGATTTAAGAGGATGTCGTTCCACGTCGGGAGC,5.25817351 
AGGATTTAAGAGTATGACCGACAGGAAGTGGAGC,21.14307498 
GAGATTTAAGATGACGTTGCGATAGCGGGTCAGC,0.00000000 
GTGATTTAAGATGGACTTGGACACCCTGGTGAGC,13.73788870 
CGGATTTAAGCACAGGACCGTGGTCGACGTTAGC,52.61707989 
AGGATTTAAGCACCGCGATGACGACAACACCAGC,27.73324895 
ACGATTTAAGCACTTACAGGTGACGTTGAGCAGC,0.00000000 
ACGATTTAAGCAGCACGCCCACCGGTCGCGAAGC,9.21106557 
GAGATTTAAGCAGGAGAGCGACGCTGATGGCAGC,55.93220339 
AGGATTTAAGCATGTGAGGTAACACTTTTCTAGC,37.56675908 
TCGATTTAAGCCAACTTCACCACCAAGGATGAGC,21.74933870 
TAGATTTAAGCCACTCACCTGCCCACAGCAGAGC,8.70967742 
AGGATTTAAGCCCATCAGTTTCTGTGGGGTCAGC,-0.3125
TAGATTTAAGCCCTGTGGACGTTCTGACCGTAGC,36.00000000 
CTGATTTAAGCCGGCAGTCAGGGGGCGGCCTAGC,20.04573617 
ATGATTTAAGCCTGGGGTGAAGTGTCGGTCTAGC,44.54545455 
CTGATTTAAGCGCTGGCCACCCGCACGACGAAGC,21.33649875 
GAGATTTAAGCGGGGTCATGACTCGTGTCTGAGC,22.64635990 
CAGATTTAAGCTCAGGTGACAGGGACTGGGGAGC,4.21686747 
AGGATTTAAGCTGCAATAGTCACTGGAGCTGAGC,-0.15974441
CGGATTTAAGCTGGCTTACCAAGTTCCAGGTAGC,7.16759070 
GTGATTTAAGCTTCAAACTCCTCGTCCACTCAGC,22.98467999 
AGGATTTAAGCTTCCTAACCTGCAGTGGACGAGC,13.77459750 
CTGATTTAAGCTTCGGTGTGTCGTTGACACGAGC,0.00000000 
CGGATTTAAGGACAGTGACGTCGGTTAGGACAGC,15.81769437 
AGGATTTAAGGACATGGAGCTTGTGGAGACCAGC,31.91489362 
GCGATTTAAGGACATGGCAGTGACTGAGGACAGC,53.64934460 
TAGATTTAAGGACGAGGTAGGTGGCGCGGGCAGC,14.45783133 
TCGATTTAAGGAGATGTTCCGGTTCCTGTCCAGC,26.55523653 
TCGATTTAAGGAGCAGGTGACGTCCAATCCTAGC,31.76291793 
CGGATTTAAGGAGGACCGCAGATGCTACGAGAGC,57.83432039 
TGGATTTAAGGCAAAGTGGACGTTCCTCCGGAGC,-0.1934236
TCGATTTAAGGCACTGCTGTGCCAGTCTTGCAGC,2.68277371 
GTGATTTAAGGCCCAGGACACAGAGCAGGTCAGC,29.29292929 
TAGATTTAAGGCGACTCGGACTAGACGGATCAGC,48.94514768 
CTGATTTAAGGCGGAATGGATCTGTTGCTCTAGC,26.13430127 
TGGATTTAAGGCGGAGTCGGTGGTGGTTGGGAGC,6.31313131 
ATGATTTAAGGGAGTCCATGCATCTCACTCGAGC,49.12699041 
ATGATTTAAGGGCCTTGGTCATTGGTACTTGAGC,22.68370607 
CTGATTTAAGGGCTGGTTGGAGAGGGTGACGAGC,8.84315501 
ACGATTTAAGGGTACGAAGCTACTCGGCCGGAGC,36.95652174 
GAGATTTAAGGGTATGGGATGATGCTGTTCTAGC,33.39490876 
GAGATTTAAGGTCAGGTTGGTGCCGTGGTCCAGC,22.20544679 
CTGATTTAAGGTCCATCCGGGACTCAGAGAGAGC,0.00000000 
CGGATTTAAGGTCGTACCGTAGTTAAGGTTAAGC,0.00000000 
CTGATTTAAGGTCGTACTCAAGTCGGACTGGAGC,-0.27339936
ATGATTTAAGGTCTGACAGGCTCCGTCTTTCAGC,54.11140584 
CAGATTTAAGGTCTTCTGCCAAGGATCTCCGAGC,43.27454356 
GAGATTTAAGGTGACAGAGGTTGTACCGCTGAGC,20.38831248 
TAGATTTAAGGTGAGACCCGGAACGTTCGTGAGC,42.38683128 
GAGATTTAAGGTGTGCCACCTACGACTGTTTAGC,9.72762646 
CAGATTTAAGTACCGGCCGAGTAGCTTCGTAAGC,44.62809917 
CTGATTTAAGTAGACGAGACCATTCGACCTGAGC,97.31543624 
CTGATTTAAGTCGAGACGTCCTCGACCACAGAGC,29.69696970 
GTGATTTAAGTCTCTACCGTCTGTCGTCGTCAGC,26.88957564 
GAGATTTAAGTCTCTGGCAGGGGCGTAGGGCAGC,5.70219124 
ACGATTTAAGTCTTAAGTTCACTCGTCTACCAGC,75.07295575 
GTGATTTAAGTGACTGAGGACGTGAACGTCGAGC,16.59479828 
ACGATTTAAGTGCAAGTCCCGTATTAGCGGCAGC,49.07407407 
CGGATTTAAGTGCAGGAGTCAGTGACGGTACAGC,49.83922830 
ATGATTTAAGTGCGCCATGTGTAGTAAGTCGAGC,45.90039948 
CGGATTTAAGTGCTCCAGCGCCACCACCTTTAGC,19.44429131 
GCGATTTAAGTGGACGAGGAGTTTGAAGCTGAGC,36.98089846 
TGGATTTAAGTGGGACTCTACCCCATTCCTCAGC,90.88319088 
ATGATTTAAGTGTAACTCCAAGTCGTCCTGGAGC,31.91489362 
TAGATTTAAGTGTCGTCTGGACTTCTATTTCAGC,58.75706215 
CAGATTTAAGTGTGTGTGACGACGGGGGCTGAGC,21.24183007 
GTGATTTAAGTGTTTCCTACGTAATTACATAAGC,26.40000000 
CAGATTTAAGTTATCCTTGGTGTTATTCTCAAGC,28.88888889 
ACGATTTAAGTTTCACTGATGTACTTGTACTAGC,50.17921147 
GCGATTTAAGTTTCTACGGGCTTTCGGGGTGAGC,20.51282051 
GAGATTTAATACATTAATGCATCCTTTGTGAAGC,13.28548924 
TGGATTTAATACCCGTGACCCTTATTTGTCTAGC,49.27536232 
GTGATTTAATACTTTGATTACCGGGATTTTGAGC,7.73497378 
CTGATTTAATCAGCGTCGCTCTCCTGCTCTCAGC,10.70505226 
GAGATTTAATCAGTGTGGTCGAGGTCGCTTGAGC,19.55307263 
CGGATTTAATCCTTGGTGGTGAAGTTGGCTAAGC,-6.28019324
GCGATTTAATCGAACTGTTGTATTGGTATCTAGC,5.96508478 
GCGATTTAATCGGTTGAAGTGGTGGTTCCTAAGC,31.09010304 
TCGATTTAATCGTCGTCCTCTGCAGACTGTCAGC,8.17793893 
ACGATTTAATCTCACCACCTTACTGGACACCAGC,44.10270938 
ATGATTTAATGAACGGATACAGTTACCCTTCAGC,35.33771206 
CGGATTTAATGATGCTGTTCTTGAGGGGTCAAGC,46.77966102 
CTGATTTAATGCCCGGAATTCCTTTGCGAGAAGC,7.42857143 
ACGATTTAATGCGGGGACGGTCTCTGAAACGAGC,53.84969777 
GAGATTTAATGGAGTGGGGGTTACTGTCCCCAGC,-0.8
TGGATTTAATGGATCTGTTGCTCTCCTCGTTAGC,50.95628125 
ACGATTTAATGGGATCGGTTGAAGTGGTGGTAGC,58.82352941 
CAGATTTAATGGGATGATGCTGTTCTTGAGGAGC,51.33928571 
ATGATTTAATGGTCGGGATGCGGGGACGGTCAGC,10.59158706 
TAGATTTAATGTGACCGTGGACGTGTTCGGCAGC,57.77414075 
GAGATTTAATGTGGCAGCCAGCAGCACTTCGAGC,45.89041096 
CTGATTTAATTCCACCACACCTGTGCACCTCAGC,59.03028135 
CAGATTTAATTCCGTGTTTCTGCAGGCTCAGAGC,14.49275362 
GAGATTTAATTGGTGGTCCAGTGGTTCGGTTAGC,9.17431193 
CTGATTTACAAAGCGAGCTTACGGCTCAAGTAGC,4.94182173 
CGGATTTACAACAAGTAGATTTAACGACACTAGC,0.00000000 
GCGATTTACAACAAGTGTCGGACACCCACCTAGC,26.25455000 
TGGATTTACAACATCACGCTTATCCACCCCAAGC,52.18978102 
GCGATTTACAACATGGCGACCGTTGCTGTTCAGC,19.05406345 
CAGATTTACAACCCCAGAAGACCTTCACCCCAGC,58.36134216 
ACGATTTACAACCTCCGACTCGGTCCTGGTAAGC,53.87453875 
ACGATTTACAACTTCTCCAATGAACGGTCCGAGC,18.79286694 
CTGATTTACAAGAACGCCAACAGCTCCCCCGAGC,95.40229885 
TGGATTTACAAGGTTCAGAGCCGCCTGGTCGAGC,21.46892655 
GCGATTTACAAGTACGAATTCACCGTGAGACAGC,43.13725490 
AGGATTTACACACCGGGCACCGTGGAGTCAAAGC,28.84615385 
GAGATTTACACACTGGAACTCTCCACAGAACAGC,22.50637523 
CAGATTTACACACTGTCAAGACGTCGGTCCCAGC,37.10431206 
GCGATTTACACATGGTGTACCTTTCCCCTTCAGC,33.11540927 
CAGATTTACACCACGACCCGGGTCTGGCACGAGC,9.70752192 
ATGATTTACACCAGCTCAGTCTTGTCAATGTAGC,22.78452542 
TAGATTTACACCATCCCACCCACAGTAAGGAAGC,12.57142857 
CAGATTTACACCCAGAAGTGAGACTACCCTCAGC,33.49270879 
GTGATTTACACCCAGTTCAGATCACTCCTCTAGC,50.96393405 
TCGATTTACACCCCGGTTAGGTGACTGCGACAGC,0.00000000 
AGGATTTACACCCGCACGACGACACCACCCTAGC,28.51436687 
GTGATTTACACCCTGGTGGACGTCCTCCAGTAGC,11.32075472 
TAGATTTACACCGAGTGGTGGGTACGGTGGTAGC,-4.87804878
AGGATTTACACCGGAGGTGGTGGGGCAGGCGAGC,0.00000000 
ACGATTTACACCGGTGTTTGTTCGATCTAGTAGC,0.00000000 
TGGATTTACACCGTGGAGTCAAAGGTCGTCTAGC,27.82873478 
AGGATTTACACCTGGGAGACACCGATGTTGTAGC,43.59575140 
GCGATTTACACCTTACGAGACTTTCTATGTTAGC,8.96551724 
GTGATTTACACCTTCATCGCCGCTATCTGGCAGC,0.00000000 
GTGATTTACACGACCATAGGTGGCACTACTGAGC,57.19063545 
ACGATTTACACGAGGGCCAAAACCACCACCAAGC,61.39332366 
CGGATTTACACGCGTCGTCGCAGCGCAAGGGAGC,0.87023423 
CGGATTTACACGGAAGGCGACTCGGACTAGAAGC,34.77177317 
TCGATTTACACGGGCTTTAACCCGAGGACGTAGC,10.67961165 
CGGATTTACACGGGTATTCCAGGGACAGTGAAGC,28.44611529 
TGGATTTACACGGTAACGCCGCCCGGTGCCGAGC,0.00243078 
GAGATTTACACGTGGGGGGTGGTGACACTGTAGC,0.52356021 
GAGATTTACACTCGTCCCTTGTGGGGGCTAGAGC,0.00000000 
GAGATTTACACTGATAACGTCGAGGTTCCTGAGC,21.29647706 
TGGATTTACACTGGGAGGACAGTGACGTCGGAGC,2.75894579 
ACGATTTACACTGGGGAGGGGAGACCTCCGAAGC,0.00000000 
TCGATTTACACTGTCTGCCTTGACGTCGTAGAGC,14.24952050 
CTGATTTACAGAACTGGTTGCTGTGGTAGCAAGC,26.02150538 
CGGATTTACAGCGCTGGCCACCCGCACGACGAGC,0.58997050 
TGGATTTACAGCGTCAACTTGAGCCGTAAGCAGC,16.06581900 
TGGATTTACAGCTGACAACCAGGAGAAGATCAGC,70.43478261 
GTGATTTACAGGAACCGGAACATCTCCTACCAGC,38.70292887 
CGGATTTACAGGAGGAGGTCGTCGTTGTTCCAGC,42.11525269 
TAGATTTACAGGAGTCAGTGACGGTACAGGAAGC,42.81542898 
GTGATTTACAGGATTGGCTGCAGTGACAGGAAGC,22.69326683 
TAGATTTACAGGCGGAGTCGGTGGTGGTTGGAGC,0.51885071 
CAGATTTACAGGCTCCTGCATAAGTTCGTCCAGC,25.70257857 
AGGATTTACAGGCTGGTCACCTTCTGCCCTCAGC,25.52278233 
CGGATTTACAGGGGTCAAGAGGTACCGCGGCAGC,0.43668122 
ACGATTTACAGGTTGTACGAAGGGTTTCCACAGC,78.18181818 
ACGATTTACAGTAGTGCCACCTATGGTCGTGAGC,53.61445783 
TCGATTTACAGTCCACTTCAAGCGACCTCGAAGC,0.00000000 
GTGATTTACAGTCTTGTCAATGTCGGGGGGCAGC,11.11111111 
GCGATTTACAGTGACGTCGGTTAGGACACTGAGC,-3.76344086
GTGATTTACAGTGAGACCGCGACTTGTTGTGAGC,36.63144483 
CAGATTTACAGTGTAACTCCAAGTCGTCCTGAGC,44.49438202 
ACGATTTACAGTTCCAGTTGGAGGCTGAGCCAGC,16.46341463 
CGGATTTACATAAGACGCGTGAACAAGATGTAGC,57.18390805 
CTGATTTACATACTCTACCTGTCGCTCAAGCAGC,48.20512821 
CTGATTTACATCCTCTCGCAGGTCAACTTCTAGC,24.96410180 
CGGATTTACATCCTTGGTGGTGAAGTTGGCTAGC,13.33333333 
CAGATTTACATCCTTGTTGACGAGGGACTCGAGC,9.10164709 
AGGATTTACATGACTCGTGTCTGAAGGATCTAGC,34.87311954 
GAGATTTACATGCGGGTTGTGGTCGTGATTCAGC,60.18099548 
ACGATTTACATGGACTCGGATGACGGAGAGTAGC,67.44214535 
CGGATTTACATGGCAGTGACTGAGGACGTGAAGC,22.84916229 
ACGATTTACATGGTCACATGGTGTACCTTTCAGC,32.99953614 
GCGATTTACATGTACCTTCAGCCGATGCACCAGC,68.89541920 
CGGATTTACATGTTCCCGCACTTGTCGCTGCAGC,32.48945148 
ACGATTTACATTATCGGGCAGTGTAACTCCAAGC,16.34615385 
ATGATTTACATTGTACGGTGAACTAAGAACCAGC,20.00000000 
AGGATTTACCAACAGTCGACGGGGGTGGAGGAGC,0.00000000 
TAGATTTACCAACTGAGCCAACATGTGACCGAGC,37.18649265 
TCGATTTACCAAGATCTCACGGTCCCTACTCAGC,47.36913379 
TAGATTTACCAAGGAGACACGGGTCCTCTTCAGC,19.40700809 
ACGATTTACCACCACGACGACCGGTACACACAGC,63.28725149 
ATGATTTACCACCCGAGGCGTATCAGTCGTGAGC,71.55358553 
TAGATTTACCACCCGGTCGAGTACTCGTTAGAGC,50.90909091 
TAGATTTACCACCGCTCGGGTCTGTCAGACGAGC,5.11363636 
GTGATTTACCACCTAGGCAGATCAGGCTCAGAGC,30.18762879 
CGGATTTACCACGACGCTCAAGAGCTTTCGGAGC,15.13353116 
GTGATTTACCACTGCGACTCTGGCATGGAGTAGC,8.18716237 
ACGATTTACCACTGGTATCTCACCACCTTACAGC,65.87050819 
CGGATTTACCACTTCCTGTCGGTCATACTCTAGC,28.44827586 
GTGATTTACCAGAAACCCAAGACGTCCGTCGAGC,48.36333879 
ACGATTTACCAGAGGTAAGTGATTGAGACAGAGC,0.96153846 
TAGATTTACCAGAGTGTGAGGAGATGGTCTCAGC,58.26771654 
CGGATTTACCAGCCCAAGGTTCAGAGCCGCCAGC,20.32238943 
CAGATTTACCAGCGGTTCATGATGTCCCGCAAGC,6.59364468 
CAGATTTACCAGGCCAAGACCCAAACCCAGCAGC,42.73127753 
GAGATTTACCAGGCGATGATGGTGGTTGACTAGC,38.79781421 
GTGATTTACCAGGGTCGTGGGGTGAAGGTCTAGC,24.57258388 
ACGATTTACCAGTAACATGCCACTTGATTCTAGC,57.03123245 
GCGATTTACCAGTAGTGCCACCTATGGTCGTAGC,91.05691057 
CAGATTTACCAGTGCATCCACTGCCATCACGAGC,45.26756033 
TGGATTTACCAGTGGTTCGGTTCTTAGTTCAAGC,41.57303371 
GCGATTTACCATAAGTCGGAGGTCTCCCCTCAGC,54.26997245 
CAGATTTACCATCCAACTCCCCACCACCGTGAGC,71.54836153 
TGGATTTACCATCCTCTCGCAGGTCAACTTCAGC,44.40582088 
AGGATTTACCATCCTTAGCCCAAAGTCGCACAGC,64.31535270 
CAGATTTACCATCTTGAACATCGCCCGGTGAAGC,11.74252055 
CTGATTTACCATGAGGTGCATCCTCCGCTTCAGC,36.51838968 
CGGATTTACCATGTACCTTCAGCCGATGCACAGC,43.39407745 
CTGATTTACCATTATCGGGCAGTGTAACTCCAGC,63.68118596 
TCGATTTACCCAAGGAGACACGGGTCCTCTTAGC,58.44945854 
TCGATTTACCCAGGCGATGATGGTGGTTGACAGC,64.30095026 
TCGATTTACCCCACCACACGTCGATACATTCAGC,82.21355036 
CAGATTTACCCCAGGGAGTCGAGACGTCCTCAGC,69.14190439 
TCGATTTACCCCGACGGTACCTGGCAGACACAGC,60.28845959 
TAGATTTACCCCGCCACTGTCCAGGAAACAGAGC,28.00228746 
CTGATTTACCCCGGACAGGAACCGGAACATCAGC,56.04770017 
GTGATTTACCCCGGCACCCCACTAATACTCGAGC,91.28787879 
ATGATTTACCCCGGCCCCTGCCACCCTTCTCAGC,75.76807577 
AGGATTTACCCCGGGATCCTCAATTCATGTTAGC,50.49504950 
AGGATTTACCCCGTAGGTCCGCGTGTGACGGAGC,0.00000000 
CAGATTTACCCCTAGGAGGACCCGCACCGTCAGC,47.21253791 
ATGATTTACCCCTCACGCTCCCGCTGAGCTTAGC,49.97003807 
TAGATTTACCCCTGTTTCCTGGACAGTGGCGAGC,2.50000000 
CAGATTTACCCGACGCTTCGGACCGTTCATTAGC,47.47474747 
TGGATTTACCCGAGTGAGCTTTCGGAATGGTAGC,0.00000000 
TCGATTTACCCGCACCGTCGGCACACGTGTTAGC,39.86874487 
GAGATTTACCCGCAGCGGTTGGGGCAGCGCTAGC,14.10256410 
CTGATTTACCCGCCCCGGCCGAACACGTCCAAGC,36.55913978 
ATGATTTACCCGCCCGGCCCCGTCGGCCACGAGC,-0.11203758
CTGATTTACCCGCGGAGTCAGGAGTCCTACGAGC,34.64052288 
CGGATTTACCCGCTGGGTTTGGGTCTTGGCCAGC,5.97609562 
CTGATTTACCCGGAACCAGTAACCATGAACTAGC,5.29801325 
TCGATTTACCCGGACCGCGAGCAGGGTCACCAGC,53.22580645 
CTGATTTACCCGGCAACAAAAGACCTTCGTGAGC,37.68844221 
ACGATTTACCCGGGATCCTCAATTCATGTTCAGC,10.91954023 
GCGATTTACCCGGGTCGTGGAGTCCCACTGAAGC,9.61357008 
TGGATTTACCCGTACATGACAGAGAGAAGTTAGC,36.03411514 
TCGATTTACCCGTGTCTCCTTGGGCCCCCTCAGC,52.89473684 
ACGATTTACCCTACTCTGTCAACTACTGAAGAGC,17.44186047 
GCGATTTACCCTCACGCTCCCGCTGAGCTTCAGC,68.31411115 
AGGATTTACCCTCAGTACAAGTACATCAGTGAGC,66.00000000 
AGGATTTACCCTCATCAGAACAATGACACTCAGC,83.91304348 
ACGATTTACCCTCCACCCCCGTCGACTGTTGAGC,48.91458629 
GCGATTTACCCTCCGACTGGGACACCATCCCAGC,52.89699571 
CGGATTTACCCTCCTCCGTGAACCCTTCAGCAGC,54.51292929 
CTGATTTACCCTCGTGGCGCTACTGCTGTTGAGC,34.59138486 
AGGATTTACCCTGAACGAAGACCTGAAAACGAGC,16.60793642 
CAGATTTACCCTGAGAGGTCACCGGTGTTTGAGC,60.63829787 
ATGATTTACCCTGAGCAGCAATCATCATTTCAGC,61.49425287 
GTGATTTACCCTGAGCATCGTAGACGCCAGGAGC,-1.66966158
ATGATTTACCCTGCCACCCTTCTCGATACAGAGC,67.62210585 
CGGATTTACCCTTCTCTATCCACAGACAAGCAGC,59.49723992 
CGGATTTACCGAAAGCTCTTGAGCGTCGTGGAGC,-0.13616558
GCGATTTACCGACGTCTTGACAGTGTGTCCCAGC,45.95653084 
ACGATTTACCGACTCCCACATCAACTCGAAGAGC,51.51716613 
CGGATTTACCGAGGCTGAGTCTGGGCGCGCCAGC,25.11642157 
CGGATTTACCGAGTCGGAGGTTGACCTTGACAGC,40.90909091 
CGGATTTACCGAGTGTCACCTCATGTATACTAGC,70.74513486 
CGGATTTACCGATACCTAGGTTTAAAGACCGAGC,57.37704918 
GCGATTTACCGCCACTCATGACGTGGGACCCAGC,25.48983743 
CTGATTTACCGCCCGAAGATGGCGTCGCTCAAGC,4.73209549 
GTGATTTACCGCCGAGACTTGGAACCCGACCAGC,36.91813804 
GTGATTTACCGCCGTGTCCCGGCCCGGCCTCAGC,10.15625000 
TAGATTTACCGCCTGAGCCTGCAGAAACACGAGC,61.88416988 
CAGATTTACCGCGAGCAGGGTCACCGAGTGGAGC,7.89473684 
GTGATTTACCGCGAGTGGCAGTAGACGAGACAGC,82.35294118 
ACGATTTACCGCGCGTCCTACGGAGAGGCTCAGC,20.30696576 
ACGATTTACCGCGTGTGACGGCTCCTCCACCAGC,22.22939415 
GTGATTTACCGCTTCCAAAACCAAGTGGTCCAGC,17.06119067 
CGGATTTACCGGACCGCGAGCAGGGTCACCGAGC,10.46601616 
GAGATTTACCGGAGCATGGACGAAAAGGAGCAGC,37.87878788 
ACGATTTACCGGCAGTCAGGGGGCGGCCTCGAGC,14.66173362 
GTGATTTACCGGCCCTGTGCCGCCACTGCTTAGC,0.65359477 
TAGATTTACCGGCGGGAGGACCCGGCAACAAAGC,20.22808057 
GAGATTTACCGGCTTGTGCAGGTGCCAGTGTAGC,20.53571429 
CAGATTTACCGGGAACGGTTAAGCTACCCTCAGC,91.42857143 
GCGATTTACCGGGACGAACTTATGCAGGAGCAGC,29.53020134 
CAGATTTACCGGGCCGGAGCCCCTCGGGGCCAGC,-0.27932961
GTGATTTACCGGGCGACCCAAACCCAGAACCAGC,86.89867180 
ACGATTTACCGGGGAGGCTGACCCTGTGGTAAGC,54.08805031 
CTGATTTACCGGGGCGGTGACAGGTCCTTTGAGC,51.59078251 
GCGATTTACCGGGGTCCGTGACACCGTTCGTAGC,57.52263421 
TCGATTTACCGGGTCACGGTAACGCCGCCCGAGC,10.26558597 
GCGATTTACCGGGTCCCCGGACAGGAACCGGAGC,-0.21777003
GCGATTTACCGGTACATGGAAGTCGGCTACGAGC,78.24603863 
CGGATTTACCGGTCGCGACCCAAACCTACTTAGC,58.10055866 
CGGATTTACCGGTTCTGGGTTTGGGTCGCCCAGC,0.00000000 
CTGATTTACCGTAGACGTCGGACGTAGACACAGC,76.04180981 
GTGATTTACCGTAGGGACATGTTCCCGCACTAGC,0.92454147 
CAGATTTACCGTCCGACAGTCCGACCAGTGGAGC,33.83458647 
GTGATTTACCGTGACACCGTTCGTAGTAGGAAGC,43.67681499 
GAGATTTACCGTGGGGTGATTATGAGCACCGAGC,27.19780220 
GCGATTTACCGTTCATTGGAGAAGTTGACCTAGC,60.51660517 
ATGATTTACCTACGGGTCCCTGAACCTTTATAGC,96.03174603 
ACGATTTACCTAGTCGAGGAGGGGTAAGTTGAGC,4.20850358 
ATGATTTACCTCATGTTCCCAGTCCTACTACAGC,38.56286748 
ACGATTTACCTCATTTCCACACTTAGCATTTAGC,50.60453748 
GCGATTTACCTCCAAAAGTAAGGTAACTGGAAGC,61.27946128 
AGGATTTACCTCCCAGATTGCAGCTGGTGCCAGC,38.72180451 
CTGATTTACCTCCCGCCGGTCCGCGAGTGGCAGC,30.41455462 
GCGATTTACCTCCCGTGCACGCACCTCACCGAGC,55.14498668 
ACGATTTACCTCCGGACCCGAGTGAGCTTTCAGC,45.22885877 
TAGATTTACCTCCTAGGGGTCCTACGGGTCCAGC,8.05369128 
TAGATTTACCTCCTCCCTATTACCAAGTATGAGC,91.77072927 
CAGATTTACCTCCTGGCGTCTACGATGCTCAAGC,40.35981985 
CTGATTTACCTCGTGAAGGAGGAACTGGGGCAGC,63.01805938 
TAGATTTACCTCGTTATGGTCAAGGAGATACAGC,91.33333333 
CAGATTTACCTCTCCAACCAGCCCTATATCAAGC,42.00913242 
CAGATTTACCTCTTCGACAGAGTCACAATGGAGC,0.00000000 
TGGATTTACCTCTTCTAGCCCCCACAAGGGAAGC,11.25296443 
GCGATTTACCTCTTCTTGTTCTTGCGGTTGTAGC,23.15963361 
CTGATTTACCTGAACCTGTGGGACCACCTGCAGC,59.11013248 
CGGATTTACCTGATGAGTGAGGAGCCACGAGAGC,47.56838906 
GCGATTTACCTGCTTGTGGTAGATAGCAACGAGC,66.01548272 
CAGATTTACCTGGACCCAGCATGCCCCAAAGAGC,85.18801254 
CAGATTTACCTGGGCATCCTGGGGATCCTCCAGC,41.27891419 
TCGATTTACCTGGTGCCGTGGTTGGACTGGAAGC,52.56222548 
GTGATTTACCTGTCACATGCACAGAGAGCTGAGC,73.03017262 
TGGATTTACCTGTCGTCACCCGTCCTTACTGAGC,46.78243326 
GTGATTTACCTGTCTACACAGTTCTTTCTCGAGC,41.12615382 
CAGATTTACCTGTCTCCGTCGTCCCTGTGGTAGC,22.31041657 
TGGATTTACCTGTGCCGCCACTGCTTTATGGAGC,46.42857143 
GAGATTTACCTGTGTCTCGTCCAGTCCAAAAAGC,100.00000000 
GTGATTTACCTTAAGGAAACGCTCTTCCAACAGC,70.33039622 
GTGATTTACCTTCAGGAAGGGTACGAAGCTAAGC,41.36363636 
CAGATTTACCTTCCTCGGTAATATAGGTCCCAGC,7.61090284 
CGGATTTACCTTCGTCTCCCGTTTCACCTACAGC,54.98824813 
ACGATTTACCTTGAACCATTCGGTCGACGGGAGC,56.65450536 
AGGATTTACCTTGATATAGGGCTGGTTGGAGAGC,24.56896552 
TAGATTTACCTTGGTCATTGGTACTTGACCCAGC,17.44061204 
CAGATTTACCTTGTCAGACGGGAGTAGTCGTAGC,12.81222276 
ACGATTTACCTTTATGTAACGACGTGTTCCAAGC,38.69994236 
ACGATTTACCTTTGTCCCCGACCACCGTACCAGC,54.47113841 
GTGATTTACGAACAGACACCTATCTCTTCCCAGC,67.08913801 
AGGATTTACGAACTGCACATGCCGCGACTAGAGC,0.00000000 
CGGATTTACGAACTTATGCAGGAGCCTGTCCAGC,23.33333333 
TCGATTTACGAAGAACATCTGGTCTCCTGGTAGC,21.30230736 
TCGATTTACGAAGAAGTCCATCAAGACCCCTAGC,25.87323511 
CAGATTTACGAATGCCGAGTTCAACTGCGACAGC,3.61067504 
TCGATTTACGACAACCGCCGGCGGGACCGAGAGC,14.52374528 
CTGATTTACGACACCCGTCCACTCACCGACAAGC,4.94296578 
ACGATTTACGACCACTTAACCTATACTCAGTAGC,72.75768006 
GTGATTTACGACCCTTGCGACCCACTCAGAGAGC,21.01063830 
GAGATTTACGACGACAGACGGTAGAGACTACAGC,55.29936206 
ATGATTTACGACGCGAAGTTGTAGTCGCCGAAGC,0.00000000 
GCGATTTACGACGGAGACAGGGCCTGTCTACAGC,94.17919746 
GAGATTTACGACGGTAACATCTTAAGGTGGTAGC,6.76484702 
ACGATTTACGACGGTACAAACCCTTGTAATGAGC,29.16577825 
ACGATTTACGACGTTAGACCCTCCTCGACCTAGC,30.79402462 
GAGATTTACGACTGTAGTGGGACTGGACCGTAGC,24.04435610 
TAGATTTACGACTTGGAGTTACACTGCCCGAAGC,35.28967515 
GCGATTTACGAGACCAGAGAACAAAGGGACGAGC,47.02267946 
GAGATTTACGAGAGACACGTACACTGTCCACAGC,58.30945559 
CGGATTTACGAGATATGAGCCGCGGGCGCGGAGC,0.61728395 
CGGATTTACGAGCCGATGATGTTGGTCTCGTAGC,9.80717959 
ACGATTTACGAGGAACAACGACGACCTCCTCAGC,71.19852988 
AGGATTTACGAGGACGTCTCGACTCCCTGGGAGC,18.46758350 
GTGATTTACGAGGAGGGTCTAACGTCGACCAAGC,27.40740741 
CTGATTTACGAGGAGTTTGAAGCTGCCTCTCAGC,44.91535870 
GTGATTTACGAGGGTGAACACAAACCACTAGAGC,46.99646643 
GAGATTTACGAGGTCGCTTGAAGTGGACTGTAGC,11.27450980 
TCGATTTACGAGGTTGCCTCAAGGTCTCACAAGC,34.86430063 
CGGATTTACGAGTACTCGTTAGTGTCACTGGAGC,37.62294196 
CGGATTTACGAGTAGCTTCGTACCCTTCCTGAGC,25.74233716 
CAGATTTACGAGTGGCTGGCGCGCAGGATGCAGC,19.78241274 
GCGATTTACGAGTGTCCGGGTCCTGTGTCTCAGC,37.63282275 
TAGATTTACGATGGTGTCGTTGGTCAAGACAAGC,42.25885368 
AGGATTTACGATGTAACTACATTCATTACATAGC,43.93939394 
CGGATTTACGATGTTCAAGATGGACCGAAAGAGC,43.38235294 
GCGATTTACGCAACTTCAGACCGTCCGGTTAAGC,5.05415162 
TCGATTTACGCACCACACCCTCCGAGGGTCGAGC,2.87800745 
CAGATTTACGCAGTGGGAGAGGTTGGTCGGGAGC,4.00696864 
TCGATTTACGCCAAGTACTACAGGGCGTGCCAGC,32.38185436 
ACGATTTACGCCAGATAGCGGCGATGAAGGTAGC,0.00000000 
CAGATTTACGCCAGGTGGCAGATGACGTTGCAGC,15.44696383 
GAGATTTACGCCCCCAGGCCCACACTCGCTGAGC,45.52594654 
ATGATTTACGCCGGCGGTCGTGTGTCTGCCAAGC,0.00000000 
CTGATTTACGCCGTGTCCCGGCCCGGCCTCGAGC,0.29013540 
GCGATTTACGCCTCCTCAGCGGGCAGCCTGGAGC,7.21688752 
CGGATTTACGCGACCCAAACCTACTTGAAGCAGC,73.42214006 
TGGATTTACGCGCCCACTCATGGCCCGGCCCAGC,8.47897645 
CTGATTTACGCGCCCAGACTCAGCCTCGGTCAGC,35.76440083 
CGGATTTACGCGGTACCTCTTGACCCCTGACAGC,6.11976293 
TGGATTTACGCGGTCACCTTCATCGCCGCTAAGC,8.39530547 
TAGATTTACGCTCGTTGCGCAACGCGGTCTCAGC,5.25898731 
TGGATTTACGCTGGGCGGGAGTCCGGACCGGAGC,9.09521707 
GAGATTTACGCTTGAAGTGGACTGTCCAGTCAGC,6.13207547 
CTGATTTACGGACGAGGGTGAACACAAACCAAGC,28.34601990 
CTGATTTACGGACTGTCGGACGGACCACTTGAGC,34.53046264 
CAGATTTACGGAGCCGGTGGTGGAACCTGGTAGC,20.39473684 
GCGATTTACGGCGATTATGCCCTGAACGTGAAGC,16.09426043 
GCGATTTACGGCGCTGATCACCAAACACAAGAGC,32.54237288 
TAGATTTACGGCGTTACCGTGACCCGGCCCGAGC,25.80943339 
CTGATTTACGGCTGTCTGTTATCATATTTACAGC,47.59198564 
TAGATTTACGGCTTGTGCAGGTGCCAGTGTAAGC,-0.4950495
TCGATTTACGGGACCCCGTAGGTCCGCGTGTAGC,0.00000000 
GTGATTTACGGGACCCGCTATCGCAACGTCAAGC,30.39438565 
CTGATTTACGGGCGCGGTGGATGGAGCAGGAAGC,0.73529412 
TGGATTTACGGGCGGCGGCGGCAGCCGCTCGAGC,0.54644809 
GTGATTTACGGGGACCGACGTCTTGACAGTGAGC,39.33554817 
GAGATTTACGGGGCCGGCTTGTGCAGGTGCCAGC,5.16605166 
CTGATTTACGGGGGGCTGTAACTGTTCTGACAGC,45.37671233 
GAGATTTACGGGTCTAGTCACTCGACAAACTAGC,18.40411840 
GTGATTTACGGGTGTCGTCCCCGTCGTCATCAGC,23.02812951 
TAGATTTACGGGTTCCAAGTCTCGGCGGACCAGC,24.27745665 
GAGATTTACGGGTTCTAGAGTGCCAGGGATGAGC,1.10214858 
ATGATTTACGGTACTTCCGGCTCAAGTTGTAAGC,7.11245441 
ACGATTTACGGTAGTCGCAGCGAGAGGACGAAGC,33.57988166 
CGGATTTACGGTCCAGTAGACGGTTGAGGGGAGC,17.30205279 
GCGATTTACGGTCTCTGAAACGTCGCATGGCAGC,14.38935913 
GCGATTTACGGTGGTGGGGAGTTGGATGGACAGC,23.14883324 
TCGATTTACGTACCGTAGTTAAGGTTACATCAGC,47.28348849 
TGGATTTACGTACGGGGTTTCTCCTCCTCTTAGC,51.79487179 
CTGATTTACGTACTCAAGTCGGACTGGGCTCAGC,25.37910119 
ACGATTTACGTACTCGTGGGGACATGGACTCAGC,33.54944916 
TAGATTTACGTAGGACGCGCGGTCGGTGAGCAGC,38.85135135 
ACGATTTACGTCACCTGCTCCTACCTACGTAAGC,11.65977545 
TCGATTTACGTCACGTGGTGTTACCCTGGTGAGC,8.31133393 
GTGATTTACGTCATGCGGATGCTGCCGACGCAGC,3.03297993 
ACGATTTACGTCCATACACCGTCGGTCGTCGAGC,14.50028985 
ACGATTTACGTCCCCTACCTTGGAAGGTCTTAGC,35.84905660 
GCGATTTACGTCCGAATACGGCGGTGTGAACAGC,7.65037795 
ACGATTTACGTCCGGAGACGTCACACGTTTGAGC,7.29340125 
GAGATTTACGTCCTCCAGTCATCGTCGGTCGAGC,30.82816801 
GAGATTTACGTCGACTCCGACTGGAGCAACGAGC,-0.37243948
AGGATTTACGTCGGTTAGGACACTGTCTGCCAGC,18.00168386 
TGGATTTACGTCGTGAAGCACCCTCAGGTACAGC,17.95686518 
AGGATTTACGTCGTTGTTCCTCGCCCACCAGAGC,17.08032422 
GAGATTTACGTCTCGACTCCCTGGGGTCCGGAGC,15.12513118 
CGGATTTACGTCTGTCCCAACAAGACACGGAAGC,22.92993631 
CTGATTTACGTCTTCAGAGGTTTCTTCTGTTAGC,21.35940560 
GCGATTTACGTCTTGGGTTTCTGGACCACAGAGC,14.03426694 
ATGATTTACGTGAAAGAAGGTAGGGTATGGGAGC,66.79071416 
CTGATTTACGTGCTTCCTCTTCTCTCGGGTCAGC,8.69643519 
GTGATTTACGTGGCAGGCAAAGTGGACGTTCAGC,37.44139645 
ATGATTTACGTGGCGGGGTCGCTCGTTGCGCAGC,8.55712572 
CGGATTTACGTGGGGTGAAGGTCTTCTGGGGAGC,-0.03859487
GAGATTTACGTGGTGGCCGTGGCGGGGTCGCAGC,1.45876845 
GTGATTTACGTGTGGAACTCTCTGAAATAAAAGC,83.09239818 
ACGATTTACGTGTGTCACCGGGCGATGTTCAAGC,38.95564844 
ATGATTTACGTGTGTCTGCCAGGTACCGTCGAGC,15.20618557 
TGGATTTACGTGTTGGACTACGAGGAGGCAGAGC,2.38805970 
TGGATTTACGTTCCTCCGGTGACTGCAGTAGAGC,32.28438228 
AGGATTTACGTTCTGACCGTGTCGTCACGGAAGC,0.08982627 
ATGATTTACGTTCTGTAGTCGTGACGAAGGTAGC,33.96226415 
GTGATTTACGTTTCTTCAATTCCTACCCCGGAGC,-3.99879486
CGGATTTACTAACCGGACGGTCTGAAGTTGCAGC,20.26859884 
AGGATTTACTAACGTCGACCACGGTCCTGTGAGC,6.13050678 
GAGATTTACTAACTACTGTCCCTACCGGATCAGC,31.32022505 
CGGATTTACTAACTTCTCTCTGTCATGTACGAGC,0.00000000 
TGGATTTACTAAGGATGGCCCACTGCGACTCAGC,34.32203390 
TCGATTTACTAAGTAGTCCGAAATCACCTTAAGC,23.57723577 
ATGATTTACTACCATGTGTACCGTACACATTAGC,49.79527328 
TCGATTTACTACCCAAGATCCCATAACCACCAGC,53.65803622 
GAGATTTACTACCTGGTCACTCACCCTCGAGAGC,10.03460208 
TCGATTTACTACTTAGTCCTATATGACACGGAGC,7.89473684 
CTGATTTACTAGGCAGATCAGGCTCAGCGGAAGC,17.22488038 
CGGATTTACTAGGCCTAGACGTTCCACACTCAGC,21.35158484 
GTGATTTACTAGTAGGAGGTCTTCAGTAGTTAGC,0.00000000 
AGGATTTACTATTCAACTGACTATGAGTTTCAGC,0.39682540 
TCGATTTACTATTGTGTTTCTCGGTGACAGTAGC,24.09240924 
CGGATTTACTCACACTCCTCTACCAGAGACCAGC,59.65964486 
GTGATTTACTCACAGGCCCAGGACACAGAGCAGC,71.85952576 
ACGATTTACTCACAGTAACAAGACTACTCCCAGC,37.76699049 
CTGATTTACTCACCTACCACATTCTCAACACAGC,61.83937472 
TAGATTTACTCACGGAAGGAGGTACGAACCGAGC,5.97826087 
ACGATTTACTCACTGTCCCTGGAATACCCGTAGC,35.10206654 
CTGATTTACTCAGACGTAGATTTGGGGTACCAGC,26.44904016 
AGGATTTACTCAGAGAGACGAAGTGGTCGGAAGC,13.31269350 
GTGATTTACTCAGAGGAGGACATGAAGAACTAGC,44.56762749 
TAGATTTACTCAGTCATCTCCTAAGCTGTTTAGC,37.22283282 
CAGATTTACTCATCCCTGGCACTCTAGAACCAGC,38.35227273 
GCGATTTACTCATCTCCAGTTCATGCTTAAGAGC,10.56621846 
GCGATTTACTCATGCTGGATGGAGTTATCCTAGC,49.43418041 
GTGATTTACTCCACGCACGTGCCCTCCAGGTAGC,11.14778144 
CTGATTTACTCCACGTGTCCACACCACCTTAAGC,46.37896825 
AGGATTTACTCCGGACCCGAGTGAGCTTTCGAGC,30.06535948 
TAGATTTACTCCTGGGACGAGCCGATGATGTAGC,19.32203390 
TAGATTTACTCCTGGTGTGTACCGGTCGTCGAGC,21.10552764 
ATGATTTACTCGATGCGACAGGTGTAGTGGAAGC,21.84679607 
ACGATTTACTCGGAGAGGCATCCTGCGCGCCAGC,20.80667709 
TCGATTTACTCGGATGACGGAGAGTCCTTCAAGC,35.48626204 
TGGATTTACTCGGGTCAGGCTGAACTCATGCAGC,34.84287112 
TAGATTTACTCGGGTGTCCATTCTCCCACGAAGC,32.67725442 
CAGATTTACTCGTAGCATCTGCGGTCCTCCTAGC,28.91626697 
GAGATTTACTCGTCGGACTCGATGAAGTTCGAGC,0.00000000 
AGGATTTACTCGTCGTTAGTAGTAAAGACCAAGC,31.46997930 
GAGATTTACTCGTCTACTGCCACTCGCGGACAGC,41.05754956 
AGGATTTACTCGTGTGCATGGCGAGGGCGCAAGC,5.80842207 
TCGATTTACTCGTTGCTATCTACCACAAGCAAGC,44.93891798 
GCGATTTACTCTAGTGGACTTATCACACTCTAGC,30.08130081 
GCGATTTACTCTAGTGTCACCCTCCGGGACAAGC,33.94077449 
CGGATTTACTCTCGTTGTCTAGGTAAGGCGGAGC,-0.16528926
TAGATTTACTCTCTGAAATAAATGGAGATGCAGC,14.63414634 
CAGATTTACTCTCTTCTCCTTCGTGCACGAGAGC,6.19158879 
CTGATTTACTCTGAAACGTCGCATGGCGGGGAGC,19.46308725 
GCGATTTACTCTGCCTTGCAGTGACAAAGCAAGC,69.81515712 
TAGATTTACTCTGGGTCATCGACACCACTGTAGC,48.66310160 
GTGATTTACTGACAGGCTCCGTCTTTCGGCGAGC,11.56716418 
CAGATTTACTGACGGCCGACGCGAAGTTGTAAGC,54.32640308 
AGGATTTACTGCCGCCATGAGAATAACACCAAGC,56.98005698 
TCGATTTACTGCTGCTGTCTGCCATCTCTGAAGC,35.87005654 
TCGATTTACTGGACAGTCCACTTCAAGCGACAGC,50.49504950 
CAGATTTACTGGACCGTCAACTTACCCCTCCAGC,52.18814626 
TGGATTTACTGGCACGGTTGATGCTCGCGAAAGC,40.25157233 
TCGATTTACTGGCAGGGGCGTAGGGCTGGTAAGC,14.78873239 
ATGATTTACTGGGCTCTCTTCTCCTTCGTGCAGC,27.27272727 
ACGATTTACTGGTACCCCAAGGACTTCTGGGAGC,14.76651449 
AGGATTTACTGTAACTGTTCTGACTCGACCAAGC,81.77777778 
GTGATTTACTGTATCGAGAAGGGTGGCAGGGAGC,7.08812261 
TAGATTTACTGTCAGACGTCTCCTGCTGCTAAGC,36.01398601 
CGGATTTACTGTCGGACGGACCACTTGGTTTAGC,22.85277732 
AGGATTTACTGTCGGGACAGGTTGTACGAAGAGC,0.00000000 
ACGATTTACTGTGAACCTTAACCTCGGTGAAAGC,25.50607287 
GCGATTTACTGTGATGGGTCACATGGGCCTTAGC,26.83486239 
GCGATTTACTGTTCCAGTTACCTTACTTTTGAGC,48.49765258 
TAGATTTACTTACGGTCGGGTAGTCAAAGACAGC,20.58823529 
GAGATTTACTTAGTCTACTCAGAAGTCTACTAGC,73.26203209 
ATGATTTACTTATCACACTCTCGGACGCCCTAGC,6.40892536 
CAGATTTACTTCACCCGTAGACACCACCACGAGC,39.68068319 
GCGATTTACTTCAGCACATCAGGCAATGAGTAGC,25.57077626 
GTGATTTACTTCAGGAAGGGTACGAAGCTACAGC,82.03753351 
CGGATTTACTTCCCGAGGGTGGTGTCGTCGTAGC,17.88538502 
ATGATTTACTTCCCGTTTAGGTTTCCGGTCTAGC,0.00000000 
GCGATTTACTTCCCTACTTCATAGTGTTCGTAGC,28.91491915 
TGGATTTACTTCTATTTCAGTGGGACTCCACAGC,12.36749117 
CTGATTTACTTCTCCTGGGCACAGAGGAACCAGC,9.89761092 
CTGATTTACTTCTGGGGTAGAGGTAGCCATAAGC,12.97709924 
AGGATTTACTTCTGGGGTTGACCTTACAGTGAGC,41.26213592 
ACGATTTACTTCTTGCCCTTGCGCTGCGACGAGC,9.64519481 
CTGATTTACTTGACACATGGTCATGGTCACAAGC,36.98880329 
TCGATTTACTTGCAGCTGGATCCCCACAACTAGC,26.15179114 
ACGATTTACTTGCAGGTGTCCCGAGGGCAGAAGC,7.28597450 
TCGATTTACTTGCTAGAGAAGTCGTGTAGTCAGC,86.20689655 
CGGATTTACTTGGACACCCTGGTGGACGTCCAGC,3.14685315 
AGGATTTACTTGGTCATTGGTACTTGACCCCAGC,3.74377646 
TGGATTTACTTGGTCCAGAAGACGGTTCCTAAGC,40.79711021 
ACGATTTACTTGTCATTCACAAGGGTCCTCGAGC,7.55148741 
TCGATTTACTTGTCGTTGCCAGCGGTACAACAGC,52.79323910 
GTGATTTACTTGTGGTAGATGGACTTGGACAAGC,61.98156682 
ACGATTTACTTTAAGTCGGTCCTTGTCAGACAGC,32.49238799 
GCGATTTACTTTCGAGTGAGCCCAGGCCTCCAGC,28.56369301 
GAGATTTACTTTGAGTATCAGTCAACTTATCAGC,79.09075668 
ATGATTTACTTTGCGGATTCGGATCAACACCAGC,0.00000000 
GCGATTTAGAAACCCCGTACGACCCAGGTCCAGC,9.37500000 
ACGATTTAGAACACAAACCACTAGTCGCGGCAGC,55.74572127 
CTGATTTAGAACTTCACCTGACAGGTCAGGTAGC,2.86947689 
TAGATTTAGAAGGACTAACTTCTCTCTGTCAAGC,22.60668973 
ACGATTTAGAAGGTCTGACAGGCTCCGTCTTAGC,64.77879481 
CAGATTTAGAAGGTCTTCTGGGGTTGACCTTAGC,6.71641791 
CAGATTTAGAAGGTTCCATCCCCTGCAGGCCAGC,15.54310249 
CTGATTTAGAAGTGCTCCAGCGCCACCACCTAGC,71.53850382 
CAGATTTAGAAGTTGACCTGCGAGAGGATGGAGC,0.00000000 
ACGATTTAGAATGCCAGCCCATCAGTTTCTGAGC,57.43243243 
AGGATTTAGAATGCCGAGTTCAACTGCGACGAGC,12.36212895 
AGGATTTAGACACACGTCCTCGGGTTAAAGCAGC,72.50755287 
CTGATTTAGACACCGATGTTGTCATTCGAGGAGC,13.37295691 
GTGATTTAGACACGGGTCCTCTTCGACAGAGAGC,53.47826087 
CGGATTTAGACACTAGAGACCGCGTGAAGTCAGC,14.95983936 
GAGATTTAGACACTCGGTCCATGCTACGACCAGC,17.04152249 
TAGATTTAGACACTGTTGTTCGAGATTGCTCAGC,15.54054054 
GAGATTTAGACAGCGGAATCGAACTGTTGTAAGC,10.65573770 
CTGATTTAGACAGGAGGAGGTCGTCGTTGTTAGC,43.88066002 
CAGATTTAGACAGGGACTGGGGTGTCTTTGAAGC,42.94670846 
ACGATTTAGACAGGTCCTTTGTCCCCGACCAAGC,56.73469388 
ACGATTTAGACAGTAACCCCCACTCCATGCCAGC,39.17534338 
CAGATTTAGACAGTGGTGTCGATGACCCAGAAGC,39.45861890 
CTGATTTAGACATGGACTCGGATGACGGAGAAGC,6.18228446 
TAGATTTAGACCAGATGTTCTTCGACCACTTAGC,4.17362270 
CAGATTTAGACCCAGTAGCTGTGGTGACAGGAGC,78.23834197 
TGGATTTAGACCCCCGTCTGGTGTTAGGGTCAGC,8.30039526 
GCGATTTAGACCCGGACCCCTTGGAGTAGACAGC,29.34131737 
CGGATTTAGACCCTGCTCGCGGTCCGGGCCCAGC,11.50528482 
ATGATTTAGACCGACGTCTTGACAGTGTGTCAGC,53.83770457 
ATGATTTAGACCGACTCCCACATCAACTCGAAGC,61.92606820 
GAGATTTAGACCGCGGCCTCGATGCGACAGGAGC,5.98290598 
AGGATTTAGACCGCGGTGTTGTCGTCATCGCAGC,2.34197489 
TGGATTTAGACCGTACCTCACCCCCAATGACAGC,71.91943128 
AGGATTTAGACCTCCGACTTATGGTCCATCGAGC,23.33370412 
TGGATTTAGACCTGAAGATAAAGTCACCCTGAGC,4.68752636 
TAGATTTAGACCTGGGACGTCTACCCGAAGGAGC,9.88593156 
CGGATTTAGACGAAGGTCCGGAAGGTCGTACAGC,47.75086505 
CAGATTTAGACGACACCCGTCCACTCACCGAAGC,22.56325147 
CAGATTTAGACGACGATGACGACGGGGACGAAGC,-0.35087719
CAGATTTAGACGCGGGAGCGGTACGTGTGCTAGC,18.88739345 
TGGATTTAGACGGAGGAGCATCAGGTTGTGCAGC,78.00875522 
AGGATTTAGACGGTAGTGCGCCATGTGTAGTAGC,41.79607357 
CGGATTTAGACGGTCTCTGAAACGTCGCATGAGC,12.25295725 
GTGATTTAGACGTCCAATCCTTCGACTACCCAGC,41.30212692 
CAGATTTAGACTACCATGTGTACCGTACACAAGC,82.35977865 
CTGATTTAGACTCGGACTAGACGGATCCACCAGC,79.50000000 
GAGATTTAGACTGACGGCCGACGCGAAGTTGAGC,12.46885299 
CTGATTTAGACTGTCACGCTACTAACACGTGAGC,34.92622232 
CTGATTTAGACTGTCCCTGGGGATAGGTCTTAGC,23.77622378 
CAGATTTAGACTTCGGGTCTTACGGTCGGGTAGC,13.15789474 
ATGATTTAGAGACAGTGGATGGAGGAGGCTCAGC,56.04333506 
CAGATTTAGAGACCAGAGCAGGAGTGGTTCAAGC,51.24555160 
GCGATTTAGAGACCCGGAACGTTCGTGACTGAGC,50.35460993 
TAGATTTAGAGACCTCCGACTTATGGTCCATAGC,36.88047202 
GTGATTTAGAGAGGTAGGCTTTCTTCATACTAGC,61.36363636 
CGGATTTAGAGCTTGAGCGACAGGTAGAGTAAGC,0.00000000 
CGGATTTAGAGGGCGCAGTGGGAGAGGTTGGAGC,73.62204724 
GAGATTTAGAGGGGAGACCTCCGACTTATGGAGC,58.59872611 
TAGATTTAGAGGTACTTGGAGCTGTGATATGAGC,57.77777778 
GTGATTTAGAGGTTGGTCGGGATATAGTTCCAGC,38.52144541 
CGGATTTAGAGGTTTGTTTAACTTCATAATCAGC,17.72727273 
CGGATTTAGAGTGGGACTCTACCCCATTCCTAGC,59.47714706 
ACGATTTAGATCGGGGGTGTTCCCTGCTCACAGC,21.28514056 
ATGATTTAGATCTCCACTTGACCCTGACACTAGC,39.03662613 
GAGATTTAGATGAAGGTGACCGCGGCCTCGAAGC,33.00238925 
GCGATTTAGATGCTGCAGTTCCGTCTGTCACAGC,67.06283057 
CGGATTTAGATGGAAGAAAGTGCAGGGCACGAGC,60.66666667 
CTGATTTAGATGTCAGCAGGGTAGAAGCCCAAGC,14.79820628 
GCGATTTAGATGTTCAAGATGGACCGAAAGCAGC,68.29974195 
CGGATTTAGATTGACGTGCAGATTCCAGAGAAGC,50.94373866 
ACGATTTAGCAAAAGTCCAGAAGCAAGTCCCAGC,0.28716216 
GAGATTTAGCAAAGTCTCTGGCAGGGGCGTAAGC,0.00000000 
CTGATTTAGCAACGAGGTCAGCCTCAGCTGCAGC,22.06501432 
ATGATTTAGCAAGTCGGTGTCCAGTAAGGTGAGC,30.07518797 
GAGATTTAGCACAAAGCGCTCGTAGTTGGCAAGC,37.40458015 
TGGATTTAGCACCAAGGCTCGTCCCAGAAGGAGC,38.71634827 
CTGATTTAGCACCACCACAGATGCCCACTTCAGC,72.14285714 
TCGATTTAGCACCGCGATGACGACAACACCGAGC,17.79233027 
TGGATTTAGCACCGGAGGTGGTGGGGCAGGCAGC,0.00000000 
GAGATTTAGCACCTGCTGAAGGGTTCACGGAAGC,49.46384253 
GAGATTTAGCACGGGACGTGAAAGAAGGTAGAGC,48.65930295 
GAGATTTAGCACTACCGTCACCTACGTGACCAGC,21.82160378 
TGGATTTAGCACTCCCCGGGGCTGCGAAGCCAGC,23.00000000 
ATGATTTAGCAGACTGTCTGGGCTCGCCACCAGC,37.72607182 
CAGATTTAGCAGCGACAGCTTCGCGTGCTTGAGC,15.15330869 
AGGATTTAGCAGCGCTGGCCACCCGCACGACAGC,15.26548673 
ACGATTTAGCAGCGTCAACTTGAGCCGTAAGAGC,6.75758124 
CGGATTTAGCAGGAGAGCGACGCTGATGGCTAGC,71.25614283 
CTGATTTAGCAGGCGGAGTCGGTGGTGGTTGAGC,41.84363187 
GCGATTTAGCAGTGGGAGAGGTTGGTCGGGAAGC,22.79325045 
TCGATTTAGCATCAGGTTGTGCGCGTCTAGGAGC,0.98280098 
AGGATTTAGCATCCTCCGCTTCGGGAGCAAGAGC,13.67924528 
CAGATTTAGCATCGGCTGAAGGTACATGGCCAGC,4.49195810 
CGGATTTAGCATGAACGACCGGAAGTAACAGAGC,27.17882698 
TAGATTTAGCATGGACGAAAAGGAGCTGGCGAGC,3.06122449 
GAGATTTAGCATTCTGGGCTTCAGAGGTACTAGC,9.21638406 
CTGATTTAGCCAACTTCACCACCAAGGATGAAGC,0.00000000 
TGGATTTAGCCACGAGTATTAGTGGGGTGCCAGC,10.89879102 
TAGATTTAGCCAGGCCTGAGGGCGGGTCGCCAGC,16.44177224 
CAGATTTAGCCATGGACCGTCTGTGTGCTGGAGC,38.22838737 
ATGATTTAGCCATGTACCTTCAGCCGATGCAAGC,61.47588332 
CAGATTTAGCCATGTTGGAGACAGTGGATGGAGC,16.98630137 
CGGATTTAGCCCAAGGAGACACGGGTCCTCTAGC,44.57676995 
GAGATTTAGCCCATAAGTCGTTCAAAGGGTAAGC,49.14518972 
ATGATTTAGCCCATGCTTATTGCCTTGGTGGAGC,27.27272727 
GTGATTTAGCCCATGGTCGTCATGCGGATGCAGC,39.81841764 
GAGATTTAGCCCCCTCGACAACCGCAAGAACAGC,70.31963470 
TCGATTTAGCCCCGTGTTTCGCGAGCATCAAAGC,0.00000000 
ACGATTTAGCCCCTCACGCTCCCGCTGAGCTAGC,31.82751540 
AGGATTTAGCCCGAGTGCCTTCCTCCATGCTAGC,46.97989465 
TCGATTTAGCCCGCCGCAATGGCACTGGGCCAGC,0.00000000 
CTGATTTAGCCCGCGCCACCTACCTCGTCCTAGC,54.60232649 
CGGATTTAGCCCTCATCCTTGGTGGTGAAGTAGC,51.89620758 
AGGATTTAGCCCTGTGGACGTTCTGACCGTGAGC,22.62922530 
CAGATTTAGCCGCGGAAGTAGGTGCACCTGCAGC,23.03030303 
ATGATTTAGCCGCTAATACGGGACTTGCACTAGC,14.97326203 
ATGATTTAGCCGGAGCCGCGGTGGGCGCGGCAGC,0.00000000 
GTGATTTAGCCGGCTTGTGCAGGTGCCAGTGAGC,5.68929236 
GTGATTTAGCCGGGGACCGACGTCTTGACAGAGC,16.23851206 
CAGATTTAGCCGTCACACGCGGACCTACGGGAGC,0.66225166 
GTGATTTAGCCGTGGTTGGACTGGACAGTCCAGC,0.39215686 
GTGATTTAGCCTCCTCAGCGGGCAGCCTGGGAGC,20.76284408 
TCGATTTAGCCTCGCCAGTTTGTACTCGAACAGC,0.00000000 
CTGATTTAGCCTCTAGGAACCGTCTTCTGGAAGC,76.10602410 
GCGATTTAGCCTCTAGTTGTGCGGCCGGGTCAGC,23.53798087 
GCGATTTAGCCTGGCAAGTAACCTCTTCAACAGC,54.21366622 
TCGATTTAGCCTGTCAGACCTTCCCCACCGGAGC,46.29357050 
TGGATTTAGCCTGTCCTTCGACCTCTCGTAGAGC,44.52380952 
CTGATTTAGCCTTGCACCTTCTCCTCCTCTTAGC,69.12532806 
GCGATTTAGCGACATGGACGGGGTCCCCACTAGC,20.14387396 
TCGATTTAGCGCAACGCGTTGCTCGCTGGGGAGC,7.60869565 
TCGATTTAGCGCAGGATGCCTCTCCGAGTCCAGC,16.78082192 
TAGATTTAGCGCCGCGGAAGTAGGTGCACCTAGC,0.09873453 
CAGATTTAGCGGCTTTCTGCCTCGGACAGTCAGC,16.94094869 
ATGATTTAGCGGGACCCCGTAGGTCCGCGTGAGC,0.00000000 
AGGATTTAGCGGGACCCGCTATCGCAACGTCAGC,44.18326877 
TGGATTTAGCGGGCGCCGAGTATAGAGCCTAAGC,52.63034638 
TCGATTTAGCGGGTCTGAGTCGGAGCCAGGGAGC,32.31707317 
ATGATTTAGCGGGTTCTACAGGTGCATGAACAGC,52.04415707 
TCGATTTAGCGGTTCATGATGTCCCGCACGGAGC,0.14534884 
AGGATTTAGCGTCCTGGTGGGACACGGGGACAGC,0.00000000 
GAGATTTAGCGTGCACGGGAGGTCCATCCGGAGC,33.24035454 
GAGATTTAGCTAGGGTAAGGACCTTGATATAAGC,88.33486520 
GAGATTTAGCTCACTCTACGTACCTGAGGGAAGC,78.86597938 
GTGATTTAGCTCCGGCCCGGCCCTGTGCCGCAGC,29.94843955 
CAGATTTAGCTCCGGCGGGGGACTGACGGCCAGC,1.93798450 
TGGATTTAGCTCTTTCTTGACACATCTGTCCAGC,39.14141414 
TAGATTTAGCTGCAAGTGCAGGAGTCAGTGAAGC,10.71913161 
GAGATTTAGCTGCCATGGACCGTCTGTGTGCAGC,56.88161694 
TGGATTTAGCTGCTGGCCATGTGTGGTCCTCAGC,44.15066671 
TCGATTTAGCTGGTCCGCCGAGACTTGGAACAGC,36.63581899 
GAGATTTAGCTGTAACTGTTCTGACTCGACCAGC,74.26548068 
TGGATTTAGCTTATTGCCTTGGTGGTGGTTTAGC,66.30952381 
CTGATTTAGCTTCACGACGACCGACGGTGTAAGC,29.67797738 
CAGATTTAGCTTCCCGAGGGTGGTGTCGTCGAGC,34.70325043 
ATGATTTAGCTTGAGCGACAGGTAGAGTATGAGC,0.00000000 
AGGATTTAGCTTGCCCTCGACACAGAGTGATAGC,25.38071066 
CTGATTTAGGAAACTACTGAATTGTCTTCTTAGC,42.01183432 
ATGATTTAGGAACGTCCACTTTGCCTGCCACAGC,25.23270768 
CTGATTTAGGAACTGGGGCTAAGGTTACAATAGC,31.69398907 
TGGATTTAGGAATGGATCTGTTGCTCTCCTCAGC,51.56114742 
CGGATTTAGGACAGGAGGAGGTCGTCGTTGTAGC,33.42036554 
CTGATTTAGGACAGTGACGTCGGTTAGGACAAGC,0.00000000 
ATGATTTAGGACAGTGGTGTCGATGACCCAGAGC,63.87096774 
TGGATTTAGGACATGAAGAACTAGATCGAACAGC,76.49122807 
GTGATTTAGGACATGGCAGTGACTGAGGACGAGC,67.72727273 
CGGATTTAGGACCAGCCCCCGTCGTCACACAAGC,22.46376812 
GTGATTTAGGACCCGCACCGTCGGCACACGTAGC,42.49596940 
ATGATTTAGGACCGCAGATGCTACGAGTCCCAGC,32.94286870 
GAGATTTAGGACCTGGGTCGTACGGGGTTTCAGC,34.06928674 
ATGATTTAGGACCTTGAACCATTCGGTCGACAGC,17.10296684 
CAGATTTAGGACGAGGTTGCCTCAAGGTCTCAGC,70.85564951 
CAGATTTAGGACGAGTGGCTGGCGCGCAGGAAGC,19.92200328 
TCGATTTAGGACGTCCACCAGGGTGTCCAAGAGC,0.49019608 
TCGATTTAGGACGTCCTCCAGTCATCGTCGGAGC,40.48715561 
GAGATTTAGGAGAAACCCCGTACGACCCAGGAGC,25.92592593 
GTGATTTAGGAGCATCAGGTTGTGCGCGTCTAGC,22.88690476 
CGGATTTAGGAGCCGGTGGTGGAACCTGGTTAGC,48.42969473 
GTGATTTAGGAGGGGTTGTGCGACTTTGGGCAGC,69.74358974 
ACGATTTAGGAGGTAGGTGACAGAGGTTGTAAGC,50.00000000 
CTGATTTAGGAGTCGGTGGTGGTTGGGGCGGAGC,33.06451613 
CTGATTTAGGATCCGTCTAGTCCGAGTCGCCAGC,42.29691877 
CGGATTTAGGATGCACCTCATGGACCCACGAAGC,37.59053498 
GAGATTTAGGATGTATTTACGGTCGATGTAAAGC,69.17293233 
TCGATTTAGGCACACCTTCCTCTACTCCAGCAGC,62.44088526 
TGGATTTAGGCACGCCCTGTAGTACTTGGCGAGC,7.16845878 
CAGATTTAGGCACGGCCTCGGGTGTCCATTCAGC,33.58033136 
GCGATTTAGGCAGCGGAGCACTCACCTGGCCAGC,28.70686662 
CTGATTTAGGCAGTGTGCGCCTGGATGCCCCAGC,34.13433561 
TAGATTTAGGCCAGCGCTGCCCCAACCGCTGAGC,22.61484099 
GTGATTTAGGCCCCTCAGTACAAGTACATCAAGC,47.30404823 
GCGATTTAGGCCGAACTGCACATGCCGCGACAGC,34.86804375 
AGGATTTAGGCCGTGGCGGGGTCGCTCGTTGAGC,21.60804020 
TGGATTTAGGCGACGGAGGAGCATCAGGTTGAGC,9.55315871 
GCGATTTAGGCGACGGGACCCGCAGCGGTTGAGC,12.13872832 
ATGATTTAGGCGCCCATGGTCGTCATGCGGAAGC,13.10975610 
TCGATTTAGGCGCGGGCGCCGAGTATAGAGCAGC,40.07782101 
ATGATTTAGGCGGAATGGATCTGTTGCTCTCAGC,60.05873715 
AGGATTTAGGCGGCAGGTGCAAAAGTCCAGAAGC,84.95219470 
GAGATTTAGGCGGCAGTCCAGGCGAAGGTTTAGC,0.76678641 
GAGATTTAGGCGTTACCGTGACCCGGCCCGGAGC,39.57871088 
CTGATTTAGGCTAGAAGAGGACCAACAGTCGAGC,61.55705996 
TAGATTTAGGCTAGGGTAAGGACCTTGATATAGC,68.60465116 
GCGATTTAGGCTCATGGACCACCACGTGGAGAGC,10.88082902 
ATGATTTAGGCTGGTCCGCCGAGACTTGGAAAGC,50.60975610 
ATGATTTAGGCTGGTGAAGCAGAGAGACTCAAGC,50.00000000 
ACGATTTAGGCTGTAACTGTTCTGACTCGACAGC,75.78565905 
CTGATTTAGGCTTCTATATTTCCAAGTCCCTAGC,55.40540541 
CAGATTTAGGGAACGCGACGCTGCTGCGCACAGC,18.95483039 
ACGATTTAGGGACCCCGTAGGTCCGCGTGTGAGC,0.00000000 
TCGATTTAGGGACCGGAGCATGGACGAAAAGAGC,52.98490582 
TGGATTTAGGGAGTCCATGCATCTCACTCGAAGC,47.68301036 
ACGATTTAGGGATGGTGTCCCAGTCGGAGGGAGC,35.64356436 
TCGATTTAGGGCATCTGTGGTGGTGCCTCTTAGC,0.00000000 
GCGATTTAGGGCCATCCTCTCGCAGGTCAACAGC,62.08318943 
ACGATTTAGGGCGACAGGTGTGGGCGGAGCCAGC,0.00000000 
TAGATTTAGGGCGAGGAACAACGACGACCTCAGC,61.00965789 
CTGATTTAGGGCTGACCGGGGGCGGGACCCCAGC,28.47241411 
GTGATTTAGGGCTGGTTGGAGAGGGTGACGCAGC,11.69818509 
CGGATTTAGGGCTGTAACTGTTCTGACTCGAAGC,44.83195952 
AGGATTTAGGGCTTCTACCGCAGCGAGTACAAGC,56.87500000 
TCGATTTAGGGGAAGGTCTGACAGGCTCCGTAGC,45.59006211 
AGGATTTAGGGGACGGTGGGAAGAGCTATGTAGC,71.63742328 
ATGATTTAGGGGAGACCTCCGACTTATGGTCAGC,40.27254977 
CGGATTTAGGGGAGTCTTAAGTTCACTCGTCAGC,23.63944063 
CGGATTTAGGGGAGTTGGCAGATGACCTGGCAGC,44.31554524 
AGGATTTAGGGGCCACTCACTACCCCGTAGGAGC,-0.43478261
CGGATTTAGGGGCCCCTTCACGAGGTCGCGGAGC,29.74358974 
CGGATTTAGGGGCCGCTGGGCGGGAGTCCGGAGC,0.00000000 
AGGATTTAGGGGCGGGACCCGCTATCGCAACAGC,35.75418994 
CAGATTTAGGGGGACTGACGGCCGACGCGAAAGC,45.87866685 
CGGATTTAGGGGTCGACGGTAACATCTTAAGAGC,84.41388813 
TCGATTTAGGGGTCGCTCGTTGCGCAACGCGAGC,12.08333333 
CGGATTTAGGGGTGGGTGGTGGCACGGCCTCAGC,0.68493151 
GCGATTTAGGGGTTCCTGGACTGTCGGGACAAGC,20.42389210 
CGGATTTAGGGGTTGTGCGACTTTGGGCTAAAGC,0.44444444 
TCGATTTAGGGTCACTGGGGAGGGGAGACCTAGC,0.00000000 
TCGATTTAGGGTCCCGTACATGACAGAGAGAAGC,7.66981556 
TGGATTTAGGGTCTAACGTCGACCACGGTCCAGC,22.09770115 
CAGATTTAGGGTGGTGACACTGTTGTTCGAGAGC,45.07042254 
GCGATTTAGGGTGGTGGCACGGCCTCGGGTGAGC,0.00000000 
CAGATTTAGGGTGTGGTGCGTCCTGGTGGGAAGC,12.40885029 
CTGATTTAGGGTGTTGGTGGGGTGGGTGGTGAGC,0.80000000 
CTGATTTAGGTAAAGCAGTCGCCCCTGCTTGAGC,35.74297189 
CGGATTTAGGTAACACTGAGACAGCTTCTCCAGC,42.43442775 
ATGATTTAGGTACAGGCGGCGGCAGGTGCAAAGC,82.09606987 
CAGATTTAGGTACATGAGCGACGCCATCTTCAGC,48.38682672 
TGGATTTAGGTACCGCGCTTGTCCGTCGCGAAGC,6.12357197 
CGGATTTAGGTACGAACCGGTCATAAGACGCAGC,38.48015289 
GTGATTTAGGTACTCTTATTGTGGTTCCTATAGC,32.64462810 
CAGATTTAGGTAGGTGACAGAGGTTGTACCGAGC,40.50279330 
CAGATTTAGGTATGGGATGGAAGAAAGTGCAAGC,92.43697479 
GAGATTTAGGTCAACAACCATAATAAAGACTAGC,63.30645161 
ATGATTTAGGTCAAGAGAAGCAGCATCAAGTAGC,43.35664336 
TGGATTTAGGTCCAGTAGACGGTTGAGGGGGAGC,88.49557522 
ATGATTTAGGTCCATGAGCCACCCGAGGTGGAGC,9.62566845 
TAGATTTAGGTCCCCGACTACCAGAGGAAGCAGC,60.00000000 
GAGATTTAGGTCGGGGACAAAGGACCTGTCAAGC,14.61988304 
AGGATTTAGGTCGTCGTTGTTCCTCGCCCACAGC,30.94534712 
ATGATTTAGGTCGTGTGTCTGCCAGGTACCGAGC,28.20512821 
CGGATTTAGGTCGTTCGCATCCACTAGTCGCAGC,64.01899083 
GCGATTTAGGTCTCCCCTCCCCAGTGACCCAAGC,48.88392857 
CTGATTTAGGTGAACGTGGTAGTCTGTGGAGAGC,56.20819607 
TGGATTTAGGTGACACTGTTGTTCGAGATTGAGC,67.57369615 
TCGATTTAGGTGACAGGTCCTTTGTCCCCGAAGC,4.64135021 
AGGATTTAGGTGGAACCTGGTTTCATTTCGCAGC,14.42756946 
TCGATTTAGGTGGCACGCCCTGTAGTACTTGAGC,58.49324805 
GTGATTTAGGTGGCACGGCCTCGGGTGTCCAAGC,22.95451774 
AGGATTTAGGTGGCATGGGTGGTGAGCCACTAGC,0.09532888 
CGGATTTAGGTGGCGCTGGAGCACTTCCCCGAGC,26.82759956 
CAGATTTAGGTGGGACGGGGTTGTCCTTCCAAGC,4.09530083 
ATGATTTAGGTGGGGCAGGCGGAGTCGGTGGAGC,19.23076923 
TGGATTTAGGTGGTGACACTGTTGTTCGAGAAGC,75.00000000 
GAGATTTAGGTGGTGGGGCAGGCGGAGTCGGAGC,19.18367347 
TCGATTTAGGTGGTTCCGTTATTCGTACCCGAGC,41.71915175 
GCGATTTAGGTGTCGAGGTCACTGATAACGTAGC,38.29842747 
TGGATTTAGGTGTCGTCGTGCGGGTGGCCAGAGC,17.11101399 
GTGATTTAGGTGTCTACGGGTGAAGACCTTCAGC,66.15649242 
GCGATTTAGGTGTGGACACGTGGAGTCCGGAAGC,6.89655172 
GAGATTTAGGTTCCGTTATTCGTACCCGTGGAGC,0.00000000 
TGGATTTAGGTTGACCTTGACGTGTGACAAAAGC,26.92307692 
CGGATTTAGGTTGACTCGGTTGTACACTGGCAGC,53.31724121 
AGGATTTAGGTTGGAGAGGGTGACGCGGGAGAGC,5.47945205 
ATGATTTAGGTTGTCGTCCTCGTCGCACGTGAGC,29.81905530 
GCGATTTAGTAAGTTGACGGTCCAGTCCCACAGC,37.09677419 
TAGATTTAGTAATGTTCCCAAACATGGCAGCAGC,24.53004757 
TCGATTTAGTACATTGTAAATATGATAACAGAGC,83.48623853 
GAGATTTAGTACCACGACTTACTACACATGGAGC,99.19388907 
GCGATTTAGTACGCTGCAAAGTCTCTGGCAGAGC,0.72992701 
CTGATTTAGTACGTGTGCTCGGGTATCCCAAAGC,56.79716800 
AGGATTTAGTACTTCCATGCCTCCACGTACCAGC,56.18715316 
TGGATTTAGTACTTGGTGAGGACGAGACCAGAGC,52.04578026 
GAGATTTAGTAGACATTCAGAGACGTCACACAGC,13.12183751 
GAGATTTAGTAGAGGAAGGTGTGCCACCTACAGC,44.31137725 
ATGATTTAGTAGGGACCGTGAGATCTTGGGCAGC,35.45878694 
GAGATTTAGTAGTGGAGGAAGACCCTGCTCGAGC,54.08038977 
AGGATTTAGTATCAGTCGTGGGTCCATGAGGAGC,64.93506494 
ATGATTTAGTCAAGTACCAATGACCAAGGCCAGC,66.92555810 
TAGATTTAGTCATTCCTGCCCACTGCTGTCCAGC,30.16013789 
ACGATTTAGTCCAAGTCCATCTACCACAAGAAGC,27.87405628 
GAGATTTAGTCCAGTAAGGTGGTGAGATACCAGC,59.56211849 
AGGATTTAGTCCCAGTCGGAGGGGCCACTCAAGC,10.05561265 
ACGATTTAGTCCGGCACGAAACGCATCTCTGAGC,35.83061889 
GTGATTTAGTCCGTGACACCGTTCGTAGTAGAGC,62.50681801 
CAGATTTAGTCCTCACTTGGTCTTGTCATTCAGC,38.28193883 
TGGATTTAGTCCTCCTTTCGTCGGTCCTGTCAGC,33.38213763 
GAGATTTAGTCCTGATGAGTGAGGAGCCACGAGC,32.04098916 
GTGATTTAGTCCTGGTGCCGTGGTTGGACTGAGC,15.25558359 
GAGATTTAGTCGACGGTAACATCTTAAGGTGAGC,17.80272654 
CAGATTTAGTCGACGTCCATAAGGATGTTGGAGC,5.62229697 
AGGATTTAGTCGAGAGACACGTACACTGTCCAGC,37.00670067 
CAGATTTAGTCGAGGTCACTGATAACGTCGAAGC,22.86585366 
ACGATTTAGTCGCTCACACCCGGACCCCCGCAGC,37.95620438 
TAGATTTAGTCGCTCGTTGCGCAACGCGGTCAGC,2.23840969 
TCGATTTAGTCGGTGGTGGTTGGGGCGGAGCAGC,25.51724138 
AGGATTTAGTCGTCCCCGTCGTCATCGTCGTAGC,36.51315789 
TCGATTTAGTCGTCGTGCGGGTGGCCAGCGCAGC,15.64147627 
TCGATTTAGTCGTTCGCATCCACTAGTCGCGAGC,-0.18726592
CGGATTTAGTCGTTCTTCGAGTTGATGTGGGAGC,14.20233463 
TCGATTTAGTCGTTGGTCAAGACACCTCTCAAGC,17.29603730 
ACGATTTAGTCTACGGGTGAAGACCTTCCAAAGC,80.65693431 
GAGATTTAGTCTATGGACTTCTTGCCCTTGCAGC,71.71314741 
TAGATTTAGTCTCTGGGTCATCGACACCACTAGC,65.13317191 
TGGATTTAGTCTCTTGCTGTGGAGGTGGGTGAGC,0.78740157 
AGGATTTAGTCTTCGGTGGGGCCGCTGGGCGAGC,0.00000000 
TCGATTTAGTCTTGACCAACGACACCATCGTAGC,57.13034641 
AGGATTTAGTGAACTGGTCGAACAGACACCTAGC,3.42465753 
ACGATTTAGTGAAGGTCTTCTGGGGTTGACCAGC,27.52613240 
TCGATTTAGTGAAGTGTCGGTCTCTAGTGGAAGC,10.25729461 
TCGATTTAGTGACCTTGAGAGGTGTCTTGACAGC,20.51282051 
CGGATTTAGTGACGTCTCTGAATGTCTACTCAGC,31.34997806 
GTGATTTAGTGATGGGTCACATGGGCCTTTGAGC,-1.21902075
ACGATTTAGTGCCACCACCCCTCAACCTACCAGC,46.61689901 
ATGATTTAGTGCCACGGGGGTACCGCGCTTGAGC,6.06060606 
AGGATTTAGTGCCAGTCTTGCAGGTGTCCCGAGC,23.42009236 
GAGATTTAGTGCCGGGGTCCTGGTGCCGTGGAGC,24.55808081 
AGGATTTAGTGGAAACGGATGGTCTTGTGGTAGC,44.82758621 
TCGATTTAGTGGACACGTGGAGTCCGGAAGCAGC,18.20965809 
TCGATTTAGTGGGACTCTACCCCATTCCTCTAGC,22.22222222 
GTGATTTAGTGGGCGGAGCCTCTAGTTGTGCAGC,7.22347630 
TCGATTTAGTGGGGCTTTCGGGCATCTTTGAAGC,44.23592493 
ACGATTTAGTGGGTGGTGGCACGGCCTCGGGAGC,10.82089552 
GCGATTTAGTGGTCCCATTGTGGTGCACTGCAGC,55.41064857 
GTGATTTAGTGGTGGCACGCCCTGTAGTACTAGC,48.04156585 
ATGATTTAGTGTACCGGTCGTCGTGGTGGTCAGC,17.67068273 
ATGATTTAGTGTCAACGACACACCGAAGCTAAGC,0.00000000 
TCGATTTAGTGTCGTTGACACGCCAGGGTTCAGC,32.89984383 
TAGATTTAGTGTGAGACCTTGAGGCAACCTCAGC,54.06768838 
CTGATTTAGTGTGTGTGACGACGGGGGCTGGAGC,9.24119138 
ATGATTTAGTTACACTGCCCGATAATGGCCCAGC,33.77483444 
ACGATTTAGTTACCCTGGTGACTTCTTCAACAGC,67.77408638 
GTGATTTAGTTCACCAGGCAGGCTGTCAGGCAGC,50.76477732 
TAGATTTAGTTCCTCCGCCTTAGACGGGACTAGC,12.44979920 
GAGATTTAGTTCCTGGACTGTCGGGACAGGTAGC,0.74626866 
TGGATTTAGTTCGAGGTACAGGACCTAGTCGAGC,56.14682540 
TAGATTTAGTTCGCTGGAGCTGGTGTGACTAAGC,12.50000000 
GAGATTTAGTTCGTCCCCGCTGACGAAATGGAGC,0.00000000 
TCGATTTAGTTGATCCGAATCCGCAAAGACCAGC,77.43190661 
TGGATTTAGTTGCTTCGTTTGTACACCATTCAGC,47.39726027 
CGGATTTAGTTGGACTACGAGGAGGCAGCGGAGC,17.74891775 
TGGATTTAGTTGTCGTCATCGCGGTGCTCCCAGC,7.36026690 
CAGATTTAGTTGTGCGACTTTGGGCTAAGGAAGC,45.69892473 
TGGATTTAGTTTCCGGGTACACTGGGTAGTGAGC,3.97527953 
TAGATTTAGTTTCTCCTCCTCTTCCACGTTCAGC,47.22222222 
TCGATTTAGTTTGAAGCTGCCTCTCAATTACAGC,71.42857143 
TGGATTTATAACACCACGTGACGTCCATTTCAGC,19.91084695 
GAGATTTATAACTGTATCCGTTCATCCCTGTAGC,11.91066998 
AGGATTTATAAGGGCTGTGTCTGAAGGTGCAAGC,55.89225589 
TCGATTTATACACTGGGTAGTGTCGTCTGGAAGC,19.90470518 
AGGATTTATACCAACACGAACCTCCCAGTCAAGC,65.70247934 
GCGATTTATACGAAGCTACTCGGCCGGTACTAGC,8.57142857 
CGGATTTATACGGTGGTCGGGGACAAAGGACAGC,-0.62893082
GTGATTTATACTTCCATGCCTCCACGTACCAAGC,24.95253455 
CTGATTTATACTTCTTGATCTAGCTTGTTTGAGC,5.37687099 
ATGATTTATACTTGGTGAGGACGAGACCAGAAGC,35.65954869 
CAGATTTATAGAGTGCCAGGGATGAGGATTTAGC,32.98276887 
TCGATTTATAGGACACTGTCTGCCTTGACGTAGC,5.05896608 
TCGATTTATAGTCAAAGACACCCCAGTCCCTAGC,15.16853933 
TCGATTTATAGTCGGGGTCAAAGCGAGCTTAAGC,-2.27152946
CAGATTTATATCCTGATTCATCAGGCTTTAGAGC,-0.14904483
TGGATTTATATGGGATGATGCTGTTCTTGAGAGC,13.55932203 
CGGATTTATATTCCAGGGACAGTGAGACCGCAGC,17.01388889 
GCGATTTATATTGGTGGTCCAGTGGTTCGGTAGC,0.00000000 
TCGATTTATCAACACCCCTAGGTCGACGTTCAGC,17.28665208 
TGGATTTATCAAGAGGTACCGCGGCCGCAACAGC,0.00000000 
ATGATTTATCAAGTACCAATGACCAAGGCCCAGC,10.73619632 
AGGATTTATCAAGTTGTAGTGCGAATAGGTGAGC,7.37179487 
ATGATTTATCACCAGAGAGACGTCGACTCAGAGC,40.46242775 
GTGATTTATCACCATTTCAGAGATGCGTTTCAGC,23.65875960 
GCGATTTATCACCGAGTGGTGGGTACGGTGGAGC,-0.55248619
ATGATTTATCACCTCCTTCTGGGACGAGCCTAGC,4.73152251 
TCGATTTATCACGCCCTTGTACAGGGATGCCAGC,21.51710613 
CTGATTTATCACGGAAGGAGGTACGAACCGGAGC,12.44019139 
CTGATTTATCACGGGTATTCCAGGGACAGTGAGC,26.99541837 
TAGATTTATCACGGTAACGCCGCCCGGTGCCAGC,0.23923445 
ATGATTTATCACTGGGGAGGGGAGACCTCCGAGC,0.00000000 
TGGATTTATCAGATATCCAGGTGATGCTAAGAGC,11.11111111 
ACGATTTATCAGGCTGGTCACCTTCTGCCCTAGC,26.30893153 
ACGATTTATCAGGGACCCGTAGGACCCCTAGAGC,12.51351351 
TAGATTTATCAGGGTCAAGTGGAGATCCAGAAGC,-1.0
TCGATTTATCATAACCCTCGCCCTCTGTGTCAGC,64.68590832 
TAGATTTATCATCCTTGTTGACGAGGGACTCAGC,0.00000000 
GTGATTTATCATCGACACCACTGTCCCCCTGAGC,11.48799632 
CGGATTTATCATGACTCGTGTCTGAAGGATCAGC,16.19529568 
GTGATTTATCATGGAGACTTCGGGTCTTACGAGC,15.90493601 
GTGATTTATCATGGCCGGCTCATCGAAGCATAGC,0.00000000 
AGGATTTATCCACAGACAAGCTGGTCAAGTGAGC,55.39215686 
TCGATTTATCCACCCAGTGACCCCTCCCCTCAGC,20.96698113 
TCGATTTATCCACGTGGATGAAGGCGCCGCGAGC,0.00000000 
GTGATTTATCCAGGATGTGTTCTGAACCAGCAGC,8.00000000 
AGGATTTATCCAGGGTCGTGGGGTGAAGGTCAGC,11.16504854 
ACGATTTATCCATGAGGTGCATCCTCCGCTTAGC,6.08682186 
TAGATTTATCCCATCGAATTGGCAAGGGCCTAGC,28.20512821 
CAGATTTATCCCCGACTACCAGAGGAAGCTCAGC,0.00000000 
TCGATTTATCCCGCAGGCTCTCACACTATTCAGC,21.78176631 
ATGATTTATCCCGTCTTCCACTGGTCGGACTAGC,40.29007002 
ATGATTTATCCCGTTACTCGTCTCAAAGGCTAGC,3.18902203 
TCGATTTATCCGCCCACACCTGTCGCCCACCAGC,26.96361521 
CAGATTTATCCGGCACGAAACGCATCTCTGAAGC,25.12820513 
CAGATTTATCCGTCTAGTCCGAGTCGCCTTCAGC,8.88868898 
CAGATTTATCCGTGACACCGTTCGTAGTAGGAGC,0.00000000 
AGGATTTATCCGTTATTCGTACCCGTGGTCAAGC,-0.39215686
TGGATTTATCCTATTGAGGTAGGTCGTACTCAGC,23.97003745 
AGGATTTATCCTCCACCTAGACGCGCACAACAGC,20.99447514 
TAGATTTATCCTCCGCCTTAGACGGGACTCAAGC,7.22485091 
GCGATTTATCCTCGTGAAGGAGGAACTGGGGAGC,0.00000000 
GAGATTTATCCTCTTCGACAGAGTCACAATGAGC,53.70370370 
TAGATTTATCCTCTTCTTGTTCTTGCGGTTGAGC,3.23129252 
AGGATTTATCCTGATGAGTGAGGAGCCACGAAGC,35.29411765 
GTGATTTATCCTGCATAAGTTCGTCCCGGACAGC,0.00000000 
TAGATTTATCCTGGTGCCGTGGTTGGACTGGAGC,2.87620455 
ACGATTTATCCTGTTGGTCTTGTCGTTGCCAAGC,10.69149815 
TGGATTTATCCTTTATGTAACGACGTGTTCCAGC,1.88057668 
AGGATTTATCGAAGGAGACCATCAGCCCCTGAGC,18.27315597 
ACGATTTATCGAATGCCGAGTTCAACTGCGAAGC,0.00000000 
CTGATTTATCGACGGTAACATCTTAAGGTGGAGC,0.00000000 
TGGATTTATCGAGAGACACGTACACTGTCCAAGC,25.24904347 
TGGATTTATCGCAAGGGTCGTCCATACACCGAGC,5.14705882 
TGGATTTATCGCGACCGGGCCCCCGGACCCCAGC,0.00000000 
CGGATTTATCGCTCGTTGCGCAACGCGGTCTAGC,-1.09786428
TGGATTTATCGGAAACTCTGCTCATTGCCCTAGC,30.00000000 
CGGATTTATCGGGGGGCTGTAACTGTTCTGAAGC,42.33195255 
AGGATTTATCGGTAGTCGCAGCGAGAGGACGAGC,13.24536064 
TGGATTTATCGTACGGGGTTTCTCCTCCTCTAGC,12.64367816 
ACGATTTATCGTCCATACACCGTCGGTCGTCAGC,18.79859959 
TGGATTTATCGTCCGGAGACGTCACACGTTTAGC,-0.17889088
TAGATTTATCGTGGGGTGAAGGTCTTCTGGGAGC,5.92592593 
CGGATTTATCGTGTGACCATGACAATAACTGAGC,28.02653400 
TAGATTTATCGTGTGCATGGCGAGGGCGCAGAGC,0.90649917 
CAGATTTATCGTTCGCATCCACTAGTCGCGGAGC,9.92907801 
ACGATTTATCTAACGTCGACCACGGTCCTGTAGC,12.94838626 
ATGATTTATCTACAGGTGCATGAACGACCGGAGC,39.84646565 
ACGATTTATCTAGGCCATCCCTGTCATCAATAGC,42.81690141 
ATGATTTATCTAGTCACTCGACAAACTGCGGAGC,31.62790698 
GCGATTTATCTATTGTGTTTCTCGGTGACAGAGC,9.53649871 
GAGATTTATCTCACCTACCACATTCTCAACAAGC,48.71794872 
CGGATTTATCTCATGGCGGCAGTCCAGGCGAAGC,0.00000000 
TCGATTTATCTCCGTGGTGGTGTCTACGGGTAGC,0.00000000 
TGGATTTATCTCCTCCTCTTTGGGGCATGCTAGC,12.12934740 
GCGATTTATCTCGGAGGAGGTAGGTGACAGAAGC,52.27950012 
TAGATTTATCTCTAACTTGTTCCGTGTCTTGAGC,22.15909091 
GAGATTTATCTCTGATTGCAAAAAGAACGTCAGC,0.00000000 
TCGATTTATCTCTTCTCCTTCGTGCACGAGAAGC,21.31984759 
CAGATTTATCTGGTCACCAGGGGGACAGTGGAGC,0.54644809 
CTGATTTATCTGGTCTAACCGGACGGTCTGAAGC,31.70731707 
GCGATTTATCTGTCAGACGTCTCCTGCTGCTAGC,22.79792746 
TCGATTTATCTGTGGTAACCTACGGACGAAGAGC,48.76033058 
GTGATTTATCTGTTTATCATCTTCCTTGTCTAGC,0.00000000 
CAGATTTATCTTAGTTCACCGTACAATGACCAGC,8.37837838 
ACGATTTATCTTCCCTACTTCATAGTGTTCGAGC,15.75342466 
ACGATTTATCTTCCTCCACTACACCTGTCGCAGC,27.08514543 
TCGATTTATCTTCGAGACCGCGTTGCGCAACAGC,0.32000000 
GTGATTTATCTTCGGTGGGGCCGCTGGGCGGAGC,-0.50761421
TCGATTTATCTTGACACATGGTCATGGTCACAGC,18.76126158 
GTGATTTATCTTGATGGACTTCTTCGTCCAGAGC,0.00000000 
ATGATTTATCTTGGTCCAGAAGACGGTTCCTAGC,0.62111801 
GTGATTTATGAACACAAACCACTAGTCGCGGAGC,16.39869333 
CGGATTTATGAACGGATACAGTTACCCTTCTAGC,5.33333333 
TAGATTTATGAACTCGGCATTCGAGCGAAACAGC,0.00000000 
GTGATTTATGAAGGTACATGGCCCCGAGGGGAGC,28.90007189 
CGGATTTATGACACTAGAGACCGCGTGAAGTAGC,23.16571314 
TCGATTTATGACAGTGGCTCTTTGTGTTATCAGC,52.15686275 
TGGATTTATGACGTTGTTGTGTTCAAGTGTTAGC,11.41975309 
ACGATTTATGACTCGGTTGTACACTGGCACCAGC,29.99655147 
GCGATTTATGACTGTAGAAAGTCCATACTTAAGC,15.98837209 
ATGATTTATGAGATGGACAGCGAGTTCGAGGAGC,0.00000000 
GTGATTTATGAGCATCGTAGACGCCAGGAGGAGC,20.00000000 
GAGATTTATGAGGGGTGGTGGCACGCCCTGTAGC,7.81818182 
CTGATTTATGAGTAACGGACTACACGACTTCAGC,87.73234201 
CAGATTTATGATCTAGCTTGTTTGTGGCCACAGC,28.38983051 
CGGATTTATGATGCTCGCGAAACACGGGGCGAGC,0.00000000 
TAGATTTATGATGTGTACCGCGTGATGGCAGAGC,13.40206186 
GCGATTTATGCACCTCATGGACCCACGACTGAGC,11.68293973 
ATGATTTATGCAGTTCCGTCTGTCACAGGATAGC,0.00000000 
GTGATTTATGCCACGGGGGTACCGCGCTTGTAGC,0.00000000 
GAGATTTATGCCAGTCTTGCAGGTGTCCCGAAGC,0.00000000 
ATGATTTATGCCCGCTGAGGAGGCGCCCATGAGC,23.28482328 
CTGATTTATGCCCTCGGGACACCTGCAAGACAGC,5.75692964 
AGGATTTATGCCTCTCCGAGTCCGGCACGAAAGC,0.40983607 
TGGATTTATGCTCTGGTTGTAGTAGCCGAGCAGC,0.00000000 
TAGATTTATGCTTCACGACGACCGACGGTGTAGC,7.27565416 
ACGATTTATGGAATGACCTGTGGCTGAACGAAGC,17.65913758 
TAGATTTATGGACCTCCCGTGCACGCACCTCAGC,25.47936921 
ATGATTTATGGACCTTGAACCATTCGGTCGAAGC,0.28089888 
CAGATTTATGGACGCCAGGTGGCAGATGACGAGC,31.11001171 
ACGATTTATGGACTGGACAGTCCACTTCAAGAGC,0.00000000 
TGGATTTATGGAGGTGTGGAAACGGATGGTCAGC,7.50988142 
TCGATTTATGGCACCATCCTCTACAAGGCCAAGC,0.00000000 
CGGATTTATGGCAGGGGCCGGGGACCGACGTAGC,0.00000000 
AGGATTTATGGCCAGCGCTGCCCCAACCGCTAGC,14.55554441 
GTGATTTATGGCCCACTGCGACTCTGGCATGAGC,9.51075636 
GAGATTTATGGCGATGATGTCATAGAGGAACAGC,6.12204917 
TAGATTTATGGCTCATGGACCACCACGTGGAAGC,-0.55865922
CGGATTTATGGGATGGTGTCCCAGTCGGAGGAGC,22.11538462 
GCGATTTATGGGGCAGCGCTGGCCACCCGCAAGC,-3.93070342
CGGATTTATGGGGCTTTCGGGCATCTTTGATAGC,25.16933498 
TAGATTTATGGGTGGTGGCACGGCCTCGGGTAGC,8.19619849 
AGGATTTATGGTCCATCTGGGGGTAGAGCCCAGC,8.67346939 
CAGATTTATGGTCCGCCGAGACTTGGAACCCAGC,6.93048995 
CAGATTTATGGTCTTGTGGTAGATGGACTTGAGC,7.29823748 
CTGATTTATGGTGACACTGTTGTTCGAGATTAGC,52.41379310 
CAGATTTATGGTGCCGTGGTCCTGGGGCCGTAGC,23.69819794 
CGGATTTATGGTGGCACGCCCTGTAGTACTTAGC,39.75072848 
CTGATTTATGGTGGTGAAGTTGGCTAGGGTAAGC,1.77935943 
CAGATTTATGGTTCTGGGGTCTGTTCAATGAAGC,0.00000000 
AGGATTTATGTAACCTTAACTACGGTACGACAGC,21.67487685 
GAGATTTATGTAACTGTTCTGACTCGACCACAGC,3.94086798 
GCGATTTATGTACCGCTGGCAACGACAAGACAGC,7.53424658 
CGGATTTATGTACGAAGGGTTTCCACTCACCAGC,44.75308642 
AGGATTTATGTCCATTCTCCCACGAGCCCGGAGC,14.18439716 
GAGATTTATGTCCTCACTTGGTCTTGTCATTAGC,29.75743212 
ATGATTTATGTCCTCCTTTCGTCGGTCCTGTAGC,16.04835448 
CTGATTTATGTCGTCCCCGTCGTCATCGTCGAGC,5.85915493 
TGGATTTATGTCGTTCCACGTCGGGCGAGGAAGC,-0.63694268
CTGATTTATGTGAGAGGCTTGAAAACTCGACAGC,27.22117202 
GTGATTTATGTGAGCGACTCCATAAAGCAGTAGC,45.83333333 
ATGATTTATGTGCGCGTCTAGGTGGAGGAGCAGC,8.58895706 
ACGATTTATGTGGTCGTGATTCCCTTGTTTGAGC,38.99492148 
TAGATTTATGTGGTCTGCCCCCAGGGGCTGAAGC,0.00000000 
ACGATTTATGTGGTGCGTCCTGGTGGGACACAGC,0.09191176 
CGGATTTATGTGTTGTACTTCTTCTCTCTAGAGC,42.61363636 
AGGATTTATGTTATTCTCATGGCGGCAGTCCAGC,11.01694915 
TCGATTTATGTTGACCTCCCTCTAGGGTCTTAGC,3.46207546 
CTGATTTATGTTGATCCGAATCCGCAAAGACAGC,36.30363036 
GAGATTTATGTTGTAGCCACAGAGGGTCCACAGC,34.88372093 
AGGATTTATTAATGACGCCTTCAACCTGGCCAGC,0.00000000 
TAGATTTATTAGAGCTTGTTGTCACAGTGGTAGC,0.00000000 
GTGATTTATTATGTCAATGTTTAGAGGGGTCAGC,0.52631579 
AGGATTTATTCACGGAGGAGGGACCGGAGCAAGC,3.91459075 
ACGATTTATTCATTTCGCACCTTAGCAATGGAGC,-0.03126565
TGGATTTATTCCCACGGACTCTCGTGCACGAAGC,5.24344569 
TGGATTTATTCCCGAGGGTGGTGTCGTCGTGAGC,14.04358354 
TCGATTTATTCCGGGTACACTGGGTAGTGTCAGC,4.55635492 
AGGATTTATTCCTGGACTGTCGGGACAGGTTAGC,0.34602076 
TCGATTTATTCGGATCAACACCCCTAGGTCGAGC,0.00000000 
CTGATTTATTCGTCACCGCCGTGTCCCGGCCAGC,15.46201258 
TGGATTTATTCTACAGGTGCATGAACGACCGAGC,-0.15128593
GAGATTTATTCTAGGGTATTGGTGGTCCAGTAGC,13.67521368 
TCGATTTATTCTCCGTGGTGGTGTCTACGGGAGC,-0.12048193
TAGATTTATTCTCCTCCTCTTCCACGTTCCGAGC,10.59907834 
TCGATTTATTCTGGACCACAGATACTAAGTCAGC,0.00000000 
TCGATTTATTGAAGAGAGACAGTACATGCCCAGC,23.56424761 
CTGATTTATTGCCCTCGACACAGAGTGATGTAGC,8.29708801 
ACGATTTATTGCTCCTCTCGTTGTCTAGGTAAGC,0.58102001 
ACGATTTATTGGCTGCAGGTCCGTCTGTCACAGC,22.24979322 
GAGATTTATTGGCTTGGTGACCTGGTGGTTAAGC,0.00000000 
CGGATTTATTGTGGGTGGAGGTGTCGTTCTCAGC,0.00000000 
CAGATTTATTGTGGTCGTGATTCCCTTGTTTAGC,10.52631579 
GAGATTTATTGTTATGGCTTGCTAGTGACAGAGC,0.00000000 
GAGATTTATTGTTGCAGTTGGATATAGACCAAGC,21.91780822 
TGGATTTATTGTTTAATGTGTACACATCGTCAGC,3.47826087 
TAGATTTATTTAACCCGAGGACGTGTGTCACAGC,0.00000000 
ACGATTTATTTACGATTCACACCTTTACTCCAGC,22.12521105 
TCGATTTATTTCAAGCTTTCCACCTCAAAACAGC,0.00000000 
GTGATTTATTTCCACTCACCCGGGACGGACGAGC,0.00000000 
TCGATTTATTTCTCCTCCTCTTCCACGTTCCAGC,6.62415636 
AGGATTTATTTGCAGCGTACCGCCCCTGACAAGC,11.48825065 
GAGATTTATTTGGTTCACCAGGCAGGCTGTCAGC,0.00000000 
GCGATTTATTTTCCACAGCGGCTTTCTGCCTAGC,0.00000000 
GTGATTTATTTTGGGCACTGGTCGTGGTTGCAGC,0.00000000 
