GCTGCATAATACGCGGGACCTGG,0
GCTAGAAGTTATCACCACGAAGG,24
GATGTGGTTGCTCGGCATCCCGG,12
AGAGCTTCTCCTGCATCGAGAGG,37
ACTACAGCACAAATAGATACAGG,3
GCAATGCTATCCATTGGGGCAGG,42
TGAGCGTCCGCAGTTGTCGCTGG,3
TCATCCACTGGTGCAGGGGTTGG,46
GTACGACAGACAAGGGCAGCCGG,24
TGCATCCATCCTCTCACTGCTGG,4
GCTGAGGGTTGGACAACAGGTGG,37
GTTGGAGAAAATTTCTTTGACGG,0
CGGCTGCAATCGTATCAACCTGG,34
GAATTGGGGACACATTGTCCTGG,37
AATATCTCGCCCACAAATGGAGG,9
CATCTTGATAGGTTGCAGTCAGG,5
GGAGTGGTCCAATCCAACTGTGG,38
TCTTACCTTGCTACTTCATCTGG,0
CCCCGCAATTCAGTACCTGTCGG,37
GAGTCTTTATTCCGTAGCTCGGG,19
TCATCTCGGTGGACAATATGTGG,20
TTGTTCATTTAGGCTTACCATGG,10
CCTCGGAGACATAGCCAGCGGGG,39
AGGACGACTAGTTGGAAAGGTGG,31
ACAACACACGTCTTACCTTCTGG,24
ACAAACGGAGCACCAAAAAGTGG,30
CTTGAACTGCACATCTAAACTGG,2
CTACATCCAGTTCGTAAGTATGG,24
GCCATTCGCTGCGACCGCTGCGG,29
AACTCTGCCCATCCCGCCAAAGG,17
GACAGCCACCTCGCTTATGAAGG,28
CGTATATATAAGGGGCTCAGCGG,38
AAGAGAGGTCCCAATACAAAAGG,1
GGTTGAGACTGAGATTGTGACGG,38
TATTGGACCATGACGAGAGAGGG,10
TTCAAAAGGAGACGAAGACGAGG,0
CTGCGAATGCACTTACCGACTGG,15
TCTTAGTCAAAGGGCCGAATTGG,23
TACACCCCGATCTGTATACCTGG,29
GGGTCATTCTGTCACTGACTTGG,18
GCTACGGTAGGGGTAGTAGTAGG,43
ACGTAGAGGCTGACGTCACGAGG,35
CTTTGTATCCGACGGTACGTTGG,35
TCCCGTACAGTCGCCGGTATCGG,30
AGGGTTCCGCGCCGACTTAAAGG,5
CTACTTCGGTGTAAGTCAATTGG,23
TGCAACCGAAAACCCACACATGG,12
CAACATTGGGAGGGTAGCGGGGG,21
CGAACCCTTGTTTGATAACTTGG,8
TCATCGTTAATTCTACTCTGTGG,0
CAACTCCTGAGTTCTTGAGACGG,58
CTGATCTGGCAATCACAGCATGG,59
TACACAGAAAGACACTGGGGTGG,43
TAAGCAAAGGGGGACTCCCTGGG,35
GGATGCGGCAGGGGTCTGTAAGG,43
AAGAATGCCTCAGTTAAACTCGG,30
TCGTAAGATTGTCGCCTGTGTGG,43
AATGGGGTTTGTGGCGTAACTGG,15
GGACGAACTGAAGAGATGCGTGG,32
GTAGTGTTGCCGCCCTCCGTCGG,32
GCTTAAGGGCGTCGTACGCTTGG,5
TCTTACCATTACGTCTTGTGAGG,23
CGGAAGTGATTCATCCGTACAGG,14
GAATCAGTTACTCAAGTCACGGG,46
GAACCAGATCTTGACCTGGGTGG,37
ACAAGACAAAACCTTAGAGCTGG,13
TCCAGAACGTAGAAATCCGATGG,3
TTAGACTTACCTCTTGTGACAGG,27
CACCCGACAGCTCCCATACCCGG,26
AGGAGGGAGTCCTGGAGGGTGGG,39
CTTCCCTCCTCCTCCGCAGCCGG,6
