seq,Raw
CGCACCGATGCTCTCCGAGGAGG,57
GGATGAGAATCTGACAAAGGTGG,54
CACTTTCAATTTGATAATGGAGG,52
AACATTTCCACAACGAGAGGAGG,51
ATATGAGGGGAGTGAGGCGGTGG,29
ATTACAGTGAAGTACAGCGGAGG,21
AATATCGTTTACCAAAACGGGGG,13
AGCGATTTCTGGCGATTGGGGGG,10
AACGGATGAGAATCTGACAAAGG,21
CATTTGATATGAGGGGAGTGAGG,20
ATACGCACCGATGCTCTCCGAGG,14
TGGAACATTTCCACAACGAGAGG,8
CTCGGCTGATTTTCGCAGTTCGG,1
AAACACTTTCAATTTGATAATGG,0
TTGAATATCGTTTACCAAAACGG,0
ACAATTACAGTGAAGTACAGCGG,0
TCTAGCGATTTCTGGCGATTGGG,0
GTGGTTGGGATGAGCGATTCGGG,0
AATCAGCCGAGATGTAAGTTTGG,0
TTGACTCGTTCCATTTCAGCTGG,0
AAACCTGCCTCCTCTCGTTGTGG,0
GGGCACCATACCGAGTGATGGGG,100
GGCTCAGATTGACGAGGCGCCGG,24
GATTGGAGAGTTAGACCACGTGG,20
GCTGAGAGAAGAATCCATCGGGG,15
GAATTTTCTGAAATTAAAGACGG,3.7
GGACATTGACACTAAAATCAAGG,0.5
GATCCACAAGTTACAATTGGTGG,80.3
GTTGGATCATAGGATACCGGTGG,38
GGGAAACTATACCCTCACTGTGG,30
GGAGCTTACTGAGACTCTTCGGG,20.8
GGATGGATGTGTAGTCAATTCGG,18.1
GAATATTGAAAGACTATGATTGG,10
GTTATCGTCATCCGGTGACGTGG,10
GCAAGGATCTTCAAAAAGCATGG,10
GGACAAAGAGAGGGGGTGAGTGG,7.5
GAACCCGTTGCCGAATACACAGG,5
GTTGAGTGCAGCCATTTGCTCGG,5
GTTATAGCCTGTTCGGTTACCGG,4.9
GGAGGTTGACTCCAATACTAAGG,1.4
GGGAGAAAGTGATTTGCAGTTGG,0
GGATATCACTTCCCAGAACTTGG,0
GATGGACGGGATGGTAGAGATGG,0
GGATTTGCTGCTACTGAATCCGG,0
GTCGGATTCGGCGCTGCATGCGG,0
GGTTTCCTGGAGCTCCGGCTGGG,0
GATGCTTGTAGTCTGGAACTGGG,0
GCCTTTGCTTCGATTTTCTTTGG,0
GATAGGAAGCATCAGATTGAAGG,0
GTTGCTGAACTGGGAGAGCTCGG,0
