seq,modFreq,longSeq100Bp
GGACCAGTACAACACTAACGAGG,73.24,AGCTCTTGGGCCAGAGGCGCCCAATATGGCGGACCAGTACAACACTAACGAGGAGAAGATCCTGAGGGACAGTCACACCAAAGAGATCGACTTGATCAAC
GGTCACAGTGACGATTCCTCTGG,61.54,TGCAATAGTTGTCTCATAGTCCAGCGCTCTGGTCACAGTGACGATTCCTCTGGCTCCGTCAATAGAGAAGAACTGAGAGGGAGGCTGGAAGGAGAACAAG
GGAATCATAGGTCTGTCTGGTGG,33.33,TAACAAGGAAACGTTTGTCTTTCATCCAGAGGAATCATAGGTCTGTCTGGTGGACCAGTGGAGGTTCACGGACTGCAAGGGAGGACAAACTACCTCAGCT
GGACAGAGCGCTGGAGAGAAAGG,44.64,ACTCCTTTTCTGTTTTTGCAGTTCCGCTTTGGACAGAGCGCTGGAGAGAAAGGACCTGTTGCCTCTGCACAGGAAGCCCAAGCTCAAGCCATTCTGTCTC
GGACCACAGATCTCACAGGCTGG,42.86,AATTTTCATACCCATTGTATGGCTGTATAGGGACCACAGATCTCACAGGCTGGATTATTTCTGAACTGTCCCTTTTAGAAAACTTTCCCATGACAGACTC
GGGGTGAAAAAGTAAGACGGTGG,0,GTGTCTCACCGCAGTGATGTGTCCTCGCTCGGGGTGAAAAAGTAAGACGGTGGCTTGAGTTGAAGGTAAACTGGAGCCCTCTGCACGCTGGTAGAAAGTT
GGTCAACCTCATCAACTACCAGG,1.43,TGAGCCCTCGCAGATGCTCAAACATGCCGTGGTCAACCTCATCAACTACCAGGACGACGCAGAGCTGGCCACTCGTGCCATTCCAGAGCTCACCAAACTA
GGCAGTCTGTCGTGATGGCGAGG,0,TTTCCTGATTGCCGTATGCCAGAATCTGAAGGCAGTCTGTCGTGATGGCGAGGAATTTGACGTTTGTTTTGTTTAACAAGGCCACCATTTTCTGCAGGCC
GGGAGCACTTTATGCTCAGCTGG,9.52,GCTGAGAGCACCAGTAGACAGGATGAGTTGGGGAGCACTTTATGCTCAGCTGGGAGGAGTGAATAAACACTCCACCAGCTTGGGGAAGATCTGGCTGTCT
GGTCATGGTTTATGTCGTAGCGG,38.1,GATATGGCTCTCAGTGGTTTTTGTGTTCAGGGTCATGGTTTATGTCGTAGCGGCAGAAAGAGTTTGGGGTGATGAGCAGAAAGACTTTGACTGCAACACC
GGTAGAAGCTGTCGTAGATGTGG,0,GCTGGACGTCACACTTCACCAGCCTTGGCAGGTAGAAGCTGTCGTAGATGTGGTGGAGGATGTACAGGAAGGTGATCTCAATGCCAGTCTTAGCAAAAAG
GGAAGTGCTGTAGCAGAACTTGG,4.76,TATAAAGGCAAAGTTATGGATACTAAAAGTGGAAGTGCTGTAGCAGAACTTGGGCCAGGGACCATTAATATAGGTGGCTCCGGATCCAGCAAACTGCAGT
GGAGGTGTTGGCGGTAGTGAAGG,66.67,TCTGATCCAGCAGACACGGAACGCAAAGACGGAGGTGTTGGCGGTAGTGAAGGAACGAATCATTACCACTCAGCCCTGCACCATCACTGAGGAGGTTCAG
GGTTGCTCAAAAGTGAGGAGGGG,0,CTCGATTCAGCCATCATGAGATCATCGATTGGTTGCTCAAAAGTGAGGAGGGGGATCCTACTGTTGCCACGGATACGGGGGCGTTGCCTGTTCATTATGC
GGATCTGGGCATACGGGATCAGG,34.09,GTGCTGTCAAATTCTCGTGGTAAATGGAGTGGATCTGGGCATACGGGATCAGGATGGGTTCTCAGCAGCGGATCTAGCTGAATACAACGGGCATCAACAG
GGCTGCCAGGTTTGGCCATGCGG,87.8,TGATGGCGAGGGGGCGACTGCTCTGCATCTGGCTGCCAGGTTTGGCCATGCGGAGGCAGTGCAGTGGCTGCTGTTTGAAGGTGGTAACACAGAGGCAGAG
GGCTCCATTCTTATCCTGACAGG,47.62,GCCCTCGCTAGCAGCAAAGTGTAGTGCTGTGGCTCCATTCTTATCCTGACAGGACAGATCCAGGTCTGTGAACGAGGCCTAAAGATCCATATCAGAGACA
GGTGGAGTCGTTTGCGAATAGGG,41.46,AAAAACCTACCATAGGTGGAGAGGCCGTAGGGTGGAGTCGTTTGCGAATAGGGCGTGTAAACTGTTGACTGCTGCATGCTGCTGAACTGTGATTGGCCTG
GGCTGTCTGTCCGGGCTGAGGGG,84.62,ATGTATACCTGGCATCTGATAGGGGGAGTAGGCTGTCTGTCCGGGCTGAGGGGTGGTAAATCCAGGACTGTAGCTGAGCCCTGACTGCAGGGTTGATTGG
GGAAGGTGGAGAATGGTGTGAGG,35.71,GCCCAGGAAAGGATCATGAAGAGTTAAGGAGGAAGGTGGAGAATGGTGTGAGGGAACTGTGGTATTTTGTGCGCAGCGAAGTGAAGAAACTGCCGCTGAT
GGTCATGTTCGTGTGCACGAGGG,45.45,TTTTCCTTCTCTCAGGTTCTTCACTGCGCTGGTCATGTTCGTGTGCACGAGGGCAGCGAGGCTTCAGAAGACTCTGGCTTTAAAGAGCCCCCTGTCACTT
GGCTGTTGAGAAAGAAAGTGAGG,14.55,GTCCTTGCAGCAGACCGTGACTGAGCCCAAGGCTGTTGAGAAAGAAAGTGAGGAGACTGAGGAAAAGACCTCTGAATTGGATATTCTCAAGCTCTTCAAG
GGGCGACTCTTCTGTGCAGCAGG,4.76,TGATGCCAAGAGGCTGATCGGACGCACATGGGGCGACTCTTCTGTGCAGCAGGACATCAAATACTTCCCCTTTAAGGTACAATCACACATTTATCCTTGC
GGACGGAGAGAAAAACATCCTGG,31.82,GGCTGCCATTGCATACGGTCTGGACAAGAGGGACGGAGAGAAAAACATCCTGGTGTTCGATCTGGGTGGTGGCACCTTTGACGTGTCTCTGCTGACCATC
GGGCACTAATGAGGCGGTGCTGG,33,GCGCACCATCCGGACAGTGGCTCAGAAACTGGGCACTAATGAGGCGGTGCTGGGGGCCGAATACCGGGACCGCAAGATCTACATCCAGAACAGTGCGTAT
GGCAGCAGCAGATGCAGAAGAGG,6,CGTAACAGCAGCACTTCTGTGGGCAGCACTGGCAGCAGCAGATGCAGAAGAGGATGATGAGGAGCAGCGCACCGATGAGTATCAGGAGCACCGTCAGCCA
GGCAGCTCTGAACATGAAGCAGG,13.64,TATCTGGTTCTCTCTTTATTTAGCTTATCAGGCAGCTCTGAACATGAAGCAGGATCCAGCCAATGACTGTCCAGACAGCAAGCGCACAGTTCGCATAGTG
GGGTTACGGTCACAACGACGCGG,9.3,GCCGTTTTACCACGACGACTCGTTTCTGTTGGGTTACGGTCACAACGACGCGGCTCTACACGACTACAAACTCCAGAAACCGGGCATGAACTTGAACGTG
GGTCATGCTGATTCGCCTGAAGG,9.52,CTTCACACCCAACTCCTTCTCCAGCTCTTGGGTCATGCTGATTCGCCTGAAGGGAGGGGTGAAGTCTATTTCGTAGGCCTGTCCCTCTGGACCATCAGGA
GGTAGATCTGAATCATGTGATGG,40,AGTGAATGTAGAGGTGGATGCAGCTCCACAGGTAGATCTGAATCATGTGATGGCTGAGATCCGTGAGCAGTATGAGAATGTTGCTGCCAAAAACCAGCGT
GGTGCTGGAGGAGGCTTCGGAGG,11.43,GGTGGTGGAGGAGGTTTCGGGTTCGGTGGTGGTGCTGGAGGAGGCTTCGGAGGAGGTGATATGGACCTCAACGTGACCGTCAATGAGAAAGCAACCATGC
GGCCTGTTCCACTACTGCATTGG,0,AGCGTGGACACCCCCCAGTCTGGATACTTTGGCCTGTTCCACTACTGCATTGGGAATCCCATCACTGGAGAGCTGGTCTGTAAAGGCAGTGCTCTGGATT
GGTAGATCTTGGCAGCCTCTTGG,33.33,CGGCCCGCGCGTTCCTCACGTAGTTTGTGTGGTAGATCTTGGCAGCCTCTTGGGCAGATAGCATTTTCGCCATGTTTGCTGGAGATGATGGTCCACCCCG
GGTAAGCTGTTCCTGGAAGGCGG,68.18,ATGCACGGCCATAAAGGCAACAAGAACAGTGGTAAGCTGTTCCTGGAAGGCGGCACGTTTGAGCGCGCTCAGATCGACATCTTCAATGTGGAGCTGCTGG
GGGCCGTGAGTTAGTGCCTGTGG,38.1,GTTGGCTGTAGATGAAGATGATGGGCAGCTGGGCCGTGAGTTAGTGCCTGTGGACGAGGCTTTCATGAAGAGAGATGAAGATGAAGAGGAGGAGTCTGGG
GGATGTGAGCGGCAGCGGGACGG,21.43,GGTGAAGTATCGAGTGACCGTCTACACAGGGGATGTGAGCGGCAGCGGGACGGATGCGCATGTGTTTCTGTGTCTGATCGGGGATCTGGGCGACACTGGT
GGCTGATGGGAAGACGGAGGTGG,33.33,CCCTAGTCACCGCTGGCTGTGTGAGGATGAGGCTGATGGGAAGACGGAGGTGGAGATTTACCCCAGCGAAACACTGGACTTTGAGCTATGTAAACACTCA
GGAGACAGGCCGCAGCTCGTTGG,63.27,ACCAAACAAATTGCTGGAGTGGCCTTGCTTGGAGACAGGCCGCAGCTCGTTGGATCCCCAGGCGTAGTGCTTGTAATTGTCCCAAGCAAACTGCATCATC
GGTCGGCAGAAACTGGCCATGGG,42.86,TCTCTTTCTCTCTTTCTTTTCCTTTAGTGGGGTCGGCAGAAACTGGCCATGGGCATCAGGAGGAAGCAGCATTCTGGCCGAATACGGGACGCTGCATTTG
GGTCTCAGGCCCATTCCTCCTGG,11.76,AAGGAGGATTGGGATGAAGTGGATAATCGGGGTCTCAGGCCCATTCCTCCTGGCCTCATCCCAAAGCTGTCTGCAGGAGTTGGTGTTCAAGACGTCCAAC
GGAAGAGAGTGTCGCCACTCAGG,23.53,AAAGATATGAAGTGCTTACAGCTTTATCCAGGAAGAGAGTGTCGCCACTCAGGTGATATGTGCTCAAGAGACCTCCTAAAATGCGAATGGTGCTCTCAAA
GGTAGAGAACGGTCAGCTGGAGG,28.57,TCTCTCTCCCTCTCTGTCTCTGTGCAGGCTGGTAGAGAACGGTCAGCTGGAGGTGGCTACAGGAGGCTGGGTGATGCCAGATGAAGCCAACGCGCACTAC
GGACAGCTAATTCTTCCTCCTGG,64.29,TCTGTGATGGCCTGAGGAGGAATTCTCCATGGACAGCTAATTCTTCCTCCTGGCAGCCTTTTAAAATCAAACTGGCAGCAAATCTTGGGGTCAGGACCAC
GGTTCTGCTGTCTCCACCAGCGG,12.5,CCAGCTGGGTCACAATGCGGCGTGTGTTCTGGTTCTGCTGTCTCCACCAGCGGTAAAAGAAGGCCGTCTCAACATAGATAAAGCGTCGAGCTGGATCCTT
GGCTATGACGGCTTCTTCTTTGG,32.14,GATGGCTCTGCTCTGATTTGTTTATAGATGGGCTATGACGGCTTCTTCTTTGGCCGCTTGGACTACCAGGACAAGGACCGCAGGATGAAGACCAAAGAGA
GGTTTAGGAGTGTGTCCCGCTGG,33.33,ACTCACGCAACATAATCCGGCATGATCACAGGTTTAGGAGTGTGTCCCGCTGGAATGTGTCCTTTCACAACTTTAGGATTGGAGACGGCAGTGTGTGTTT
GGCCCAATGCAGGATTTTGTCGG,11.9,GTCTCTGCTATTATCAACAATTCACTGTTGGGCCCAATGCAGGATTTTGTCGGACTGAAGCTGGACAGAACGCTGCCATCATTTTTCTCTTTGTAAACAT
GGTTTGGGGATGTGGCCAGCAGG,0,ACTCACGCCACATAATCTGCAATGACCAAAGGTTTGGGGATGTGGCCAGCAGGGATGTGACCCCTCAAAATCTCCGGTTCCATCATAGCTGGATGATCAG
GGTGTAGTCAGTATTAGGAGTGG,50,GCTACACTGTTTACAGTACCTAGCGCAGCGGGTGTAGTCAGTATTAGGAGTGGTCGTGTGGTCTTATGGGAGCGCATGCATTGGAGCAGGGCCATGGATG
GGTACTTATTGTAGTCCTCTAGG,61.29,GGATAGTTACATTTCCATTTGACAGGAAACGGTACTTATTGTAGTCCTCTAGGCACAGCTCAGCTGTAGAGTACAAAACAAACTTGAAAACGTTCTGTAT
GGGTCGTGATTTTGTTCAGAAGG,0,TCGTGCCATTCTCTCGCCACGCATCAAAGTGGGTCGTGATTTTGTTCAGAAGGCTCAGACTCAAGAACAAGCTGAGTTTGCGGTTGAGGCCTTGGCCAAA
GGAGCAGGCCGAGTTTGCAGTGG,6.67,CCGGGACTACGTGCAGAAGGCGCAGACACAGGAGCAGGCCGAGTTTGCAGTGGAGGCTCTGGCCAAAGCCACATACGAGAGGATGTTTCGCTGGCTGGTG
GGTGGCACCTCAAGAGATTCAGG,4.76,ATTACAAAGGCCTGTATCTCCTCAGTCTATGGTGGCACCTCAAGAGATTCAGGCAATGGGTCAGAGTTCTCCTACAATGCTCTCTAATGCATTGCAAAAC
GGACCCTGAAGATACCGCTCTGG,50,AGACATTTCCTAAGTGGAGGATGGAAGACAGGACCCTGAAGATACCGCTCTGGTCTTCGGCACTGAAGTGAAGTATTTCCATGGCGCTGAGGAGCCTGCG
GGAATCACAGCCATAGAGCTAGG,0,TATGATGAACGCTGTGATGTTTGGTCATTGGGAATCACAGCCATAGAGCTAGGTGATGGAGACCCGCCTCTCGCTGAACTCCATCCAATGAGAGCTCTCT
GGCCATGAAGAAGATCGGTCTGG,27.59,CGATCACGCAGACTTCAACCGCATGTCAGTGGCCATGAAGAAGATCGGTCTGGATGACACAGAGAAGCTCAATCTGTTCCGGGTGGTGGCGGGGGTTTTA
GGATCAAGTCTTCCCTGCTGAGG,14.29,CTTTGCTTTCCAGAACTTCCAAGCTCCCGTGGATCAAGTCTTCCCTGCTGAGGATGATGTCAACAAACATGTCGAGGACAACTGTAAGTGTGTTTGAGAT
GGAAGACATGATCCGGCTGGGGG,82.35,GCCGATGCACCCGACCTCCATTCACGGTGTGGAAGACATGATCCGGCTGGGGGATCTGAACGAGGCGGGAATCCTCCGAAATCTGCTCATCCGATACAGA
GGTGCTCATGTTCACAGATAAGG,0,GGAATACTCTAACATCAGATCAGCCATGAAGGTGCTCATGTTCACAGATAAGGAGAACTGGGAGATCTCCAAGCTGCTGGCTGCTATTCTGCACATGGGC
GGGGCTGTTGACATCGATGATGG,53.57,ACCATCTTCTCAGGTTTTACAGGGAACAACGGGGCTGTTGACATCGATGATGGTCCTAATGGACAGATTGAATACACTATTCAGTACAACCCTAGAGATC
GGCCCGCGCTGAAGCTCTGGCGG,87.18,TATATTCAGCGGCTTTGATGAGAGTCTGCTGGCCCGCGCTGAAGCTCTGGCGGCGGCTGACATCGTGTCTCACGGCAAGAGTCACCCTTTCAAGACGGAC
GGGTTTGGTTCTGTAATCAACGG,30,AGAAGTTGGATCTAAAGAAGAACGTGGTTCGGGTTTGGTTCTGTAATCAACGGCAAAAACAGAAAAGGATGAAGTATTCAGCAGTGCACTAATACTGTTA
GGAGTCCTGAAGGAGGACGAGGG,73.68,GACCTGACACAGTCTATCTCCCGTGATTACGGAGTCCTGAAGGAGGACGAGGGCATCGCCTACAGGTTTGTGATTTTATGATGACATTTGCTCTGCTTCA
GATCATTGCGTTCAGCGAGCGGG,57.89,TCTTGATTTCACCTTTGTGTGTCCCACCGAGATCATTGCGTTCAGCGAGCGGGCAGCAGAGTTTCGTAAAATCGGTGTGGAGCTCATCGCTGCCTCCACA
GGCTCCAGCGGTCACTCAAGCGG,46.15,GTGTTTGTAAATACCAGGCGCTGCCAGATGGGCTCCAGCGGTCACTCAAGCGGCCCCTCACTTCAAGGGCACTGCTGTTATCAATGGAGAGTTCAAGGAG
GGGTGTTGGTCCAGGCCAGGTGG,54,TGCAAAAGTGAAGAAGTAAAACCTTTCTCGGGGTGTTGGTCCAGGCCAGGTGGGTGAAGTGAGAGTCCACAGACACACCAACGACTGCACAGTTTACATC
GGTTTTCTTCTTCTACCCTCTGG,5.88,GAAACTGTCAGATTACAAAGGAAAATACCTGGTTTTCTTCTTCTACCCTCTGGACTTGTGAGCATGCTATTATTAATTTACTCAAGTCATATTTATACAT
GGATGCCGATGCAATCTTACAGG,13.95,GGGGAAGCAAGGAATGACCGCGGTGACTCTGGATGCCGATGCAATCTTACAGGCATTGATCATGATCAGCAGCTCCATAAGATTGTCGTTGATTTCGCCA
GGCTCCAATCTCAGCCAAGCTGG,10.64,TTATGAGTGAGAGCTTTGTCTTTAGAGCCGGGCTCCAATCTCAGCCAAGCTGGTGGCCAACATGCTGTCTGTAGCCGGAGCAGACCACATCATCACCATG
GGCACCGATTTCTGCTAAGTTGG,0,ATTTGTTTTGTTTGTTTTTTTGCAGAGTCGGGCACCGATTTCTGCTAAGTTGGTGGCAAATATGCTGTCGGTCTCTGGTGCTGACCACATTATAACCATG
GGTCAGTGTCTGAGGTATCCAGG,2.17,TTATGCATTTGCTCTGCAGATGCGGTGTTTGGTCAGTGTCTGAGGTATCCAGGGTCAGATGTGAGCTCTTTCGATGTGTCTCCAGCAGCGGTGCAGCGTT
GGAGGTTGTCTGGAAGCTCCAGG,43.48,TTGAGCAACAATTTTTCGATTTGGGGCTTTGGAGGTTGTCTGGAAGCTCCAGGCAGTTTTTCTATTTTGGTAGCAGGAGTGCGCTGGAGGCTGAAGTAAT
GGTACGGTTTGCATCCGGAGCGG,37.14,TTTACTTGTAGGTATGAGTAAGGGTCCACCGGTACGGTTTGCATCCGGAGCGGGGAGGACTGGTGCGGGTCTAAAACCATGTAATCCACATAGCTCTGAG
GGCAGTCTTTTGAAGGGTTTCGG,58.33,TGTGTTGTAGATGACACTCTTACACAGCTGGGCAGTCTTTTGAAGGGTTTCGGTGTGGATCCACGAGACCTGAGTCCTCAGCAGATAAAAAGACTGACTC
GGAGGCTCTGTGCTCCTACCAGG,30.61,GAAGAATAAAGACCGCTTGCTTAAAGAGTGGGAGGCTCTGTGCTCCTACCAGGCAGAACCCAGCACCATCTCAGCAGCTCAGAGTGAAAGTAACATCAAG
GGTGAACGGGTCGGTTCCACCGG,35.71,GCAGTACCAGCGGCCCCCTCTAAACCTGAAGGTGAACGGGTCGGTTCCACCGGCATCCTGCTGTCCTGGCGGATGCCGATGCCTCTCGACCCCTCCATTC
GGATGGGCTCGGAGTCCCACGGG,0,CAACACAGCAGATGTCAACTGGGAAGTCTGGGATGGGCTCGGAGTCCCACGGGATAAAATATCTGCAGCATCCTAAATTCACATTAAACACAACAATTAA
GGTTGACCAGATACGTGCACTGG,20,CTCCGACCTGCAGGAAGTCATTCACGTGCAGGTTGACCAGATACGTGCACTGGTGCCTAGCAGCAGCCTGTTGAACACAGACACAAGCATTTAGAACAAG
GGAGGACACATTGATGGAGGTGG,8.51,GAACATGACTGATGTGAATGAGACGATGGTGGAGGACACATTGATGGAGGTGGATGTAGAGGCCAGAGAAGCTCAGAGAGTCATGGTGGCTTGTACTATG
GGCGTCAGCAACATTTTCGGAGG,0,TTTTATTTTTATTAGGAACTTATAGCTTTTGGCGTCAGCAACATTTTCGGAGGATGTTTCTCAAGCTTTGTGGCCAGCACTGCTCTGTCACGGACAGCAG
GGCCCGTGATTCCAGAAGAGTGG,27.72,GACCAATTCTTCACTGGTTGTGAATATTGAGGCCCGTGATTCCAGAAGAGTGGAGGTGGTTGTAGCTCTGACAACTCTAGTAGGAATCATCCAGGTGCGT
GGCGTCCCTACTTGTGCTACTGG,7.07,TTGTGTGTGTCTGTAGATTGCAGGTCTCTTGGCGTCCCTACTTGTGCTACTGGTGGTGGTGGCCATTGGATTTGTCTTTCAGCCATTACCCACGGTATGT
GGGGCTCTGCGTCCTGGAGCGGG,23.08,GTCTCGAAGGCCAACCTTAATATCCCGATGGGGGCTCTGCGTCCTGGAGCGGGACATCCTGTGAAGAGGAGAGAAGATACAGTAGAAACAGAAGAGGTCA
GGCAGAGGCTTCTTCTCTTCTGG,11.32,ACAGCGGGACCAGGGAGTTTCACAGCTCCAGGCAGAGGCTTCTTCTCTTCTGGAGTGACTGGAGACACCTGTGAAACCAATAACATCAATACAGATTACT
GGTGAGTCAGTTCACTCCAGAGG,52.38,CAACAATGGCGTAATCTCCTTCAACATTCAGGTGAGTCAGTTCACTCCAGAGGCTTTCCCCCTCAGTGACAGCCGCTCCTTCATTGCTCCTTTATGGGCT
GGCAGATGACCTCATTATCCAGG,4.76,AGGTCTCTAACTGACCACATGGTGTTTCATGGCAGATGACCTCATTATCCAGGTCAAGACACCTACATCGTTGAGTACACTGGTCTGACAGCCAGAAAAC
GGTTGTGTTCGCTGCGAAAGCGG,12.12,ATTGTGTGTCTGGACTTCGCTCTCGGTCCAGGTTGTGTTCGCTGCGAAAGCGGCGACCTCGCTCTGGGCTGTAGTTGCGGTCCAGCGTGCGTTCACTTCG
GGACAGTCCTGCCGAGGTGGAGG,100,TGTGGGCATTTTCATCGCCGGCGTTCAAGAGGACAGTCCTGCCGAGGTGGAGGGTCTGCGCACTGGAGACCAAATAGTCAAGGTCAGGATTGCACGCTGC
GGAAGCTATAGCCGGGACCAGGG,42.86,AGCAGAGGCCGCGGTGGAGGAAGCCCTGCTGGAAGCTATAGCCGGGACCAGGGCTACGACACGCGGAGGTATGACACGCAGGACAGGATGATCAGGAGTC
GGAGGAGAGAGTAGAACCACAGG,45,CAAAACTGTAGAGGAGCCACATCCAGCTCAGGAGGAGAGAGTAGAACCACAGGATGAAGAGCCACCACCACCGCCACCACCACCACGTATGAACGTCATT
GGTGCTGGAGCAGTACGTGGTGG,56.25,GCCGGCAGGACTGGACAGCAGTGAGCCCATGGTGCTGGAGCAGTACGTGGTGGTGGCCAACTACGAGAGGCAGGAAAACTCGGAGATCAGTCTGAAGGCT
GGAGATGTGGCGCTCAGGGGTGG,45,ATATGGCATTGGTAAACTTATTTCACTTTTGGAGATGTGGCGCTCAGGGGTGGTGGCTTCTCCGTCAGTCTGAATGTCCTTCTCACTTACGGCCTTCTTG
GGAAGTTGGCCAGCACTCTGAGG,39.29,ACCCGCTCCCTGCCAGACAGCAGAGCACCAGGAAGTTGGCCAGCACTCTGAGGAATCTTGTCAGGTGGATGTTGTCATCTTTTCTGCTCTCTTGCTCCTC
GGCAGGCCAACTTGTACAATGGG,8.33,AGGAGATTGTGAAGAAGAATATGACAATCTGGCAGGCCAACTTGTACAATGGGACTGTGCCAGACAACTCGACTGCTCCTCCGCTCACTGTGCACCCTGC
GGCTTTTTCGGAGGGTCTGTTGG,37.5,AACACCACTGTTTCTGAGGTGACGGGGTCTGGCTTTTTCGGAGGGTCTGTTGGCAGGAGCTATGAGATAAGAGAGAGAGAGAGAAAGAGAGAGAATTATT
GGAAACCTCAGCACTCCTGACGG,33.93,ATGTCTCTTGTGTGTCGATTCAGCTCTCGTGGAAACCTCAGCACTCCTGACGGTCTCAGAGCAGGTACAGGCTCACGCTAGCGGACAACTTCCTGCTGTC
GGTTTCTGTTAGAGGCTCTTTGG,9.8,TGGCAATGACAGGCTGGGTTGTGTTGAGTGGGTTTCTGTTAGAGGCTCTTTGGAAGGTACTTCAGATGTGGGTTGGACTTCTGGGACAGGACTGGCACTT
GGGCATTTTGACTGTGAACATGG,14,AGGTGTATTAGCATCTTAGCACAGTGCGATGGGCATTTTGACTGTGAACATGGAGAAGATGAGCTCAGTTGTGGTAAGCACAAAGTACATTTTCATTAGC
GGTCTGATGGCATCAAACAAAGG,63.27,TACTGCACTTGGTGCTTCAGAGGAATCAAGGGTCTGATGGCATCAAACAAAGGAAGGCGTTTGGGCTCATTTATTACCAGCTTCAGGTCACCAACAAGGA
GGTTGAAGCTCGACATGAGCTGG,0,GCTGTTTATGACGGATGAGGAGCGGTTGGCGGTTGAAGCTCGACATGAGCTGGACAGACAGGAGTTAATGCATCAGAAGAAAGTGGCATTAGAGACCAAC
GGAGGAAACGCTGATTGTCCTGG,35.44,TAGTAAGTGTGAGGTGAATCTGTACCCTGAGGAGGAAACGCTGATTGTCCTGGAAAGGCAGTGCTGGAATTGCTGGCTGCGTTCAGCTGGGATCGACCCA
GGTATTTCACCATCCATGGAAGG,0,TTTGTTGAGAATACCAAACAATACGCTGAGGGTATTTCACCATCCATGGAAGGGGTAGCAGGGGATGATGATGACGATGATGAAGAGCCAGTAAAACATC
